# Задание 1. Заполнить все таблицы БД vk данными (по 10-100 записей в каждой таблице)

-- заметив отсутствие кое каких данных во вложенном скрипте решил сгенерировать сам --

-- MariaDB dump 10.17  Distrib 10.4.15-MariaDB, for Linux (x86_64)
--
-- Host: mysql.hostinger.ro    Database: u574849695_25
-- ------------------------------------------------------
-- Server version	10.4.15-MariaDB-cll-lve

/*!40101 SET @OLD_CHARACTER_SET_CLIENT=@@CHARACTER_SET_CLIENT */;
/*!40101 SET @OLD_CHARACTER_SET_RESULTS=@@CHARACTER_SET_RESULTS */;
/*!40101 SET @OLD_COLLATION_CONNECTION=@@COLLATION_CONNECTION */;
/*!40101 SET NAMES utf8mb4 */;
/*!40103 SET @OLD_TIME_ZONE=@@TIME_ZONE */;
/*!40103 SET TIME_ZONE='+00:00' */;
/*!40014 SET @OLD_UNIQUE_CHECKS=@@UNIQUE_CHECKS, UNIQUE_CHECKS=0 */;
/*!40014 SET @OLD_FOREIGN_KEY_CHECKS=@@FOREIGN_KEY_CHECKS, FOREIGN_KEY_CHECKS=0 */;
/*!40101 SET @OLD_SQL_MODE=@@SQL_MODE, SQL_MODE='NO_AUTO_VALUE_ON_ZERO' */;
/*!40111 SET @OLD_SQL_NOTES=@@SQL_NOTES, SQL_NOTES=0 */;

--
-- Table structure for table `communities`
--

USE vk;

DROP TABLE IF EXISTS `communities`;
/*!40101 SET @saved_cs_client     = @@character_set_client */;
/*!40101 SET character_set_client = utf8 */;
CREATE TABLE `communities` (
  `id` bigint(20) unsigned NOT NULL AUTO_INCREMENT,
  `name` varchar(150) COLLATE utf8mb4_unicode_ci DEFAULT NULL,
  `admin_user_id` bigint(20) unsigned NOT NULL,
  UNIQUE KEY `id` (`id`),
  KEY `communities_name_idx` (`name`),
  KEY `admin_user_id` (`admin_user_id`),
  CONSTRAINT `communities_ibfk_1` FOREIGN KEY (`admin_user_id`) REFERENCES `users` (`id`)
) ENGINE=InnoDB AUTO_INCREMENT=101 DEFAULT CHARSET=utf8mb4 COLLATE=utf8mb4_unicode_ci;
/*!40101 SET character_set_client = @saved_cs_client */;

--
-- Dumping data for table `communities`
--

LOCK TABLES `communities` WRITE;
/*!40000 ALTER TABLE `communities` DISABLE KEYS */;
INSERT INTO `communities` VALUES (1,'expedita',1),(2,'ex',2),(3,'et',3),(4,'est',4),(5,'qui',5),(6,'ea',6),(7,'facere',7),(8,'corporis',8),(9,'perferendis',9),(10,'voluptas',10),(11,'rerum',11),(12,'non',12),(13,'ipsa',13),(14,'quo',14),(15,'ea',15),(16,'nisi',16),(17,'repudiandae',17),(18,'qui',18),(19,'inventore',19),(20,'atque',20),(21,'sit',21),(22,'facilis',22),(23,'assumenda',23),(24,'sit',24),(25,'impedit',25),(26,'impedit',26),(27,'error',27),(28,'eum',28),(29,'eos',29),(30,'ut',30),(31,'corrupti',31),(32,'et',32),(33,'velit',33),(34,'dolor',34),(35,'fuga',35),(36,'facilis',36),(37,'sed',37),(38,'architecto',38),(39,'omnis',39),(40,'fuga',40),(41,'repellendus',41),(42,'est',42),(43,'sint',43),(44,'vitae',44),(45,'quos',45),(46,'quia',46),(47,'voluptas',47),(48,'ullam',48),(49,'nulla',49),(50,'accusantium',50),(51,'sapiente',51),(52,'atque',52),(53,'et',53),(54,'illum',54),(55,'impedit',55),(56,'earum',56),(57,'molestias',57),(58,'pariatur',58),(59,'et',59),(60,'consequatur',60),(61,'inventore',61),(62,'et',62),(63,'repudiandae',63),(64,'consequatur',64),(65,'ducimus',65),(66,'perferendis',66),(67,'ut',67),(68,'voluptatem',68),(69,'qui',69),(70,'quod',70),(71,'ut',71),(72,'facilis',72),(73,'et',73),(74,'dolore',74),(75,'est',75),(76,'porro',76),(77,'aut',77),(78,'quia',78),(79,'quo',79),(80,'ipsum',80),(81,'alias',81),(82,'commodi',82),(83,'nemo',83),(84,'quis',84),(85,'tempora',85),(86,'mollitia',86),(87,'voluptatem',87),(88,'voluptatem',88),(89,'molestiae',89),(90,'esse',90),(91,'aut',91),(92,'est',92),(93,'voluptatem',93),(94,'et',94),(95,'non',95),(96,'minima',96),(97,'minus',97),(98,'aliquid',98),(99,'officia',99),(100,'accusantium',100);
/*!40000 ALTER TABLE `communities` ENABLE KEYS */;
UNLOCK TABLES;

--
-- Table structure for table `friend_requests`
--

DROP TABLE IF EXISTS `friend_requests`;
/*!40101 SET @saved_cs_client     = @@character_set_client */;
/*!40101 SET character_set_client = utf8 */;
CREATE TABLE `friend_requests` (
  `initiator_user_id` bigint(20) unsigned NOT NULL,
  `target_user_id` bigint(20) unsigned NOT NULL,
  `status` enum('requested','approved','declined','unfriended') COLLATE utf8mb4_unicode_ci DEFAULT NULL,
  `requested_at` datetime DEFAULT current_timestamp(),
  `updated_at` datetime DEFAULT NULL ON UPDATE current_timestamp(),
  PRIMARY KEY (`initiator_user_id`,`target_user_id`),
  KEY `target_user_id` (`target_user_id`),
  CONSTRAINT `friend_requests_ibfk_1` FOREIGN KEY (`initiator_user_id`) REFERENCES `users` (`id`),
  CONSTRAINT `friend_requests_ibfk_2` FOREIGN KEY (`target_user_id`) REFERENCES `users` (`id`)
) ENGINE=InnoDB DEFAULT CHARSET=utf8mb4 COLLATE=utf8mb4_unicode_ci;
/*!40101 SET character_set_client = @saved_cs_client */;

--
-- Dumping data for table `friend_requests`
--

LOCK TABLES `friend_requests` WRITE;
/*!40000 ALTER TABLE `friend_requests` DISABLE KEYS */;
INSERT INTO `friend_requests` VALUES (1,1,'requested','1988-01-18 16:42:56','1979-08-05 07:20:08'),(2,2,'approved','1977-04-25 23:14:17','2005-07-25 18:25:32'),(3,3,'requested','1994-11-02 07:46:45','1985-01-05 05:24:03'),(4,4,'declined','2015-01-01 11:56:52','2005-07-23 23:51:27'),(5,5,'unfriended','2010-12-27 00:55:56','1972-07-28 03:58:32'),(6,6,'approved','1988-01-17 22:39:06','1988-09-09 06:27:55'),(7,7,'declined','1987-09-19 01:46:16','1984-01-11 15:03:49'),(8,8,'unfriended','2009-05-19 11:55:09','2003-09-17 22:16:26'),(9,9,'requested','1988-07-02 15:52:06','1999-02-06 13:12:32'),(10,10,'requested','2003-03-31 04:32:28','2006-12-05 07:08:57'),(11,11,'declined','1995-06-27 04:56:43','1985-03-16 10:25:25'),(12,12,'approved','2020-04-02 13:50:50','1978-01-23 08:03:13'),(13,13,'declined','1979-03-21 23:25:07','2018-04-18 00:31:07'),(14,14,'approved','1982-07-23 03:52:29','1980-09-04 02:22:43'),(15,15,'requested','1987-01-28 23:02:57','2021-03-09 04:36:04'),(16,16,'approved','2010-06-06 18:39:30','2019-10-23 20:22:32'),(17,17,'requested','2009-11-10 06:33:22','2007-08-02 06:15:33'),(18,18,'requested','1971-08-06 01:55:28','2015-03-17 14:37:31'),(19,19,'declined','1982-06-26 11:38:23','1986-10-15 05:00:04'),(20,20,'unfriended','1972-05-10 06:28:14','2011-11-17 05:06:31'),(21,21,'unfriended','2002-01-09 07:24:38','2018-07-16 20:40:49'),(22,22,'approved','1978-06-02 06:53:03','1984-05-30 03:56:22'),(23,23,'approved','2017-06-21 08:02:30','1970-09-08 05:40:12'),(24,24,'requested','1985-12-28 04:32:24','1988-06-17 00:45:55'),(25,25,'unfriended','1974-12-19 02:02:14','1982-12-16 00:44:59'),(26,26,'unfriended','1999-09-25 02:22:21','2003-06-06 16:23:08'),(27,27,'requested','1987-07-09 10:20:57','1998-01-22 10:14:25'),(28,28,'approved','2014-08-31 01:41:58','1981-01-17 20:16:19'),(29,29,'requested','1990-04-22 05:44:03','2004-04-06 14:22:07'),(30,30,'unfriended','1990-10-28 07:53:06','1991-12-05 04:59:13'),(31,31,'unfriended','1993-02-04 08:47:02','2006-09-07 14:42:11'),(32,32,'requested','1988-01-26 21:50:49','1986-01-29 13:39:57'),(33,33,'requested','1986-11-21 14:23:36','1978-10-06 12:53:56'),(34,34,'declined','2001-02-23 23:31:57','1975-08-10 02:50:34'),(35,35,'unfriended','1997-02-19 07:21:48','2018-11-01 12:13:52'),(36,36,'approved','1984-11-17 23:59:19','1975-11-11 06:02:08'),(37,37,'unfriended','1983-12-18 10:06:38','2003-07-01 20:24:00'),(38,38,'approved','2012-02-17 10:38:03','1977-09-06 01:38:55'),(39,39,'approved','1993-08-16 22:51:24','1988-05-20 15:01:52'),(40,40,'approved','1978-11-24 09:27:09','2016-01-26 09:48:29'),(41,41,'requested','1971-02-22 12:59:41','1974-11-06 12:52:51'),(42,42,'approved','1985-06-27 01:45:21','2020-03-21 10:22:01'),(43,43,'declined','1977-06-01 06:26:27','2013-02-26 12:18:46'),(44,44,'requested','1979-04-28 12:41:20','1974-04-15 15:31:19'),(45,45,'unfriended','2012-03-29 16:13:26','2015-01-06 19:48:40'),(46,46,'approved','2015-05-13 07:46:36','1989-01-24 07:30:16'),(47,47,'declined','1992-09-09 02:08:04','1983-12-30 05:35:44'),(48,48,'requested','2015-09-08 08:33:59','1974-10-14 23:30:09'),(49,49,'unfriended','1997-04-24 19:59:29','1985-05-05 14:56:04'),(50,50,'requested','2015-09-22 19:50:56','2007-05-01 10:22:08'),(51,51,'approved','1993-12-27 04:03:31','2012-05-18 18:38:56'),(52,52,'requested','2016-03-13 18:06:41','1996-02-01 12:50:36'),(53,53,'requested','1980-11-01 19:22:03','2002-07-14 12:57:50'),(54,54,'unfriended','1970-07-06 14:01:02','1975-01-10 07:44:58'),(55,55,'approved','1977-09-18 15:55:57','1975-12-24 19:45:56'),(56,56,'requested','2014-07-28 04:42:25','1974-12-10 21:13:50'),(57,57,'requested','2002-04-22 14:19:11','2010-09-06 02:38:31'),(58,58,'declined','2013-03-30 10:32:34','1988-11-25 17:33:24'),(59,59,'declined','2017-10-02 04:56:28','1980-06-26 14:32:13'),(60,60,'approved','2009-09-03 18:22:29','1996-01-24 04:07:20'),(61,61,'approved','2007-09-12 00:24:05','1977-10-20 16:13:33'),(62,62,'declined','2002-12-25 02:50:54','1979-07-11 09:09:56'),(63,63,'declined','2008-10-22 17:01:01','2014-05-23 00:36:20'),(64,64,'declined','2006-05-19 09:56:53','1992-03-13 14:19:43'),(65,65,'unfriended','1974-10-26 04:08:13','2016-08-10 12:39:21'),(66,66,'requested','1973-12-15 00:38:50','1978-12-02 09:39:30'),(67,67,'approved','2009-06-30 15:05:56','1983-03-13 04:54:38'),(68,68,'approved','1998-11-13 23:59:45','1998-07-27 23:05:34'),(69,69,'unfriended','1974-10-13 18:57:53','2010-09-12 11:57:09'),(70,70,'requested','1971-02-21 22:43:36','1980-07-19 18:25:59'),(71,71,'approved','1985-08-30 04:36:48','1981-03-05 05:51:16'),(72,72,'unfriended','1972-11-10 22:30:28','2008-04-01 06:51:12'),(73,73,'declined','1977-12-08 15:06:02','1984-01-01 08:56:55'),(74,74,'unfriended','2006-12-20 22:28:26','2021-04-11 14:06:45'),(75,75,'declined','1984-12-30 04:00:41','2000-03-05 06:26:02'),(76,76,'unfriended','1978-02-03 13:14:57','1986-09-18 00:44:01'),(77,77,'declined','2003-06-05 14:25:27','1984-01-29 23:14:24'),(78,78,'declined','1977-06-05 23:04:35','2000-09-17 07:30:31'),(79,79,'requested','1984-01-25 22:04:12','1996-12-09 09:38:09'),(80,80,'declined','1973-05-17 18:02:07','1983-11-26 12:08:49'),(81,81,'declined','1979-04-12 07:17:26','1996-07-09 20:38:11'),(82,82,'declined','2014-03-08 12:29:57','2020-07-14 22:43:36'),(83,83,'declined','1995-08-21 02:07:04','1999-02-18 00:44:35'),(84,84,'approved','1989-11-09 14:56:22','2008-04-17 23:24:27'),(85,85,'approved','1996-07-18 15:50:29','1980-07-22 21:22:00'),(86,86,'unfriended','2002-03-26 15:06:28','1974-08-29 17:08:43'),(87,87,'unfriended','2003-02-27 07:20:45','2002-07-20 19:49:24'),(88,88,'requested','1996-06-14 08:25:57','1976-07-01 07:41:23'),(89,89,'requested','2011-09-16 09:02:54','1994-10-07 05:52:22'),(90,90,'declined','1988-07-29 08:37:32','1980-10-22 12:54:27'),(91,91,'approved','1986-03-05 06:16:02','2017-01-11 19:52:29'),(92,92,'unfriended','2008-05-13 08:47:06','2017-04-25 16:59:58'),(93,93,'approved','1996-01-29 01:10:54','1997-07-04 01:40:42'),(94,94,'approved','1973-10-23 12:58:42','2000-06-17 22:44:57'),(95,95,'approved','1976-02-16 11:05:54','1992-10-19 00:16:09'),(96,96,'approved','2008-03-17 10:14:17','2008-02-04 00:42:30'),(97,97,'declined','1993-09-10 03:46:35','1971-03-01 18:34:08'),(98,98,'requested','2015-12-27 02:26:23','1993-11-28 21:18:51'),(99,99,'unfriended','1978-08-27 19:37:16','1995-06-14 10:34:06'),(100,100,'declined','2000-12-14 01:28:12','1990-11-04 18:02:14');
/*!40000 ALTER TABLE `friend_requests` ENABLE KEYS */;
UNLOCK TABLES;

--
-- Table structure for table `likes`
--

DROP TABLE IF EXISTS `likes`;
/*!40101 SET @saved_cs_client     = @@character_set_client */;
/*!40101 SET character_set_client = utf8 */;
CREATE TABLE `likes` (
  `id` bigint(20) unsigned NOT NULL AUTO_INCREMENT,
  `user_id` bigint(20) unsigned NOT NULL,
  `media_id` bigint(20) unsigned NOT NULL,
  `created_at` datetime DEFAULT current_timestamp(),
  UNIQUE KEY `id` (`id`)
) ENGINE=InnoDB AUTO_INCREMENT=101 DEFAULT CHARSET=utf8mb4 COLLATE=utf8mb4_unicode_ci;
/*!40101 SET character_set_client = @saved_cs_client */;

--
-- Dumping data for table `likes`
--

LOCK TABLES `likes` WRITE;
/*!40000 ALTER TABLE `likes` DISABLE KEYS */;
INSERT INTO `likes` VALUES (1,1,1,'1997-03-29 07:41:59'),(2,2,2,'1987-02-12 19:47:37'),(3,3,3,'1972-05-01 18:43:44'),(4,4,4,'1992-04-26 18:22:35'),(5,5,5,'1980-08-03 11:52:41'),(6,6,6,'2008-08-09 05:02:43'),(7,7,7,'1974-11-07 14:33:12'),(8,8,8,'1985-03-06 19:09:31'),(9,9,9,'1992-09-20 11:56:15'),(10,10,10,'2018-06-11 02:45:46'),(11,11,11,'2011-07-29 21:51:27'),(12,12,12,'1972-06-29 14:15:15'),(13,13,13,'1998-02-11 02:46:06'),(14,14,14,'1998-04-24 12:09:59'),(15,15,15,'1980-08-18 07:11:22'),(16,16,16,'1989-07-18 13:04:57'),(17,17,17,'2016-09-07 01:25:33'),(18,18,18,'2004-12-08 03:03:12'),(19,19,19,'2000-07-21 16:10:29'),(20,20,20,'2007-03-06 16:12:59'),(21,21,21,'2011-04-03 09:41:35'),(22,22,22,'2001-02-06 09:37:11'),(23,23,23,'2016-08-28 00:10:05'),(24,24,24,'2006-10-13 16:14:12'),(25,25,25,'2010-09-06 02:57:19'),(26,26,26,'1983-04-28 08:59:02'),(27,27,27,'1989-04-14 03:07:22'),(28,28,28,'2014-01-23 19:22:44'),(29,29,29,'1980-11-28 23:10:34'),(30,30,30,'1991-12-04 12:48:17'),(31,31,31,'1981-10-26 22:26:32'),(32,32,32,'2001-03-01 11:29:23'),(33,33,33,'2003-07-28 13:39:19'),(34,34,34,'1972-08-09 09:34:17'),(35,35,35,'1986-12-11 19:20:20'),(36,36,36,'1972-04-09 10:56:32'),(37,37,37,'2011-01-22 03:18:46'),(38,38,38,'2005-12-06 23:15:07'),(39,39,39,'1999-12-22 08:40:05'),(40,40,40,'2020-02-12 12:40:06'),(41,41,41,'1999-03-09 08:55:53'),(42,42,42,'1993-04-22 09:41:13'),(43,43,43,'1974-09-11 04:41:46'),(44,44,44,'1994-11-20 05:04:42'),(45,45,45,'1971-12-07 11:18:02'),(46,46,46,'1995-02-27 21:57:35'),(47,47,47,'2015-04-27 08:05:50'),(48,48,48,'1977-07-13 12:23:06'),(49,49,49,'1980-10-05 00:01:55'),(50,50,50,'2017-11-09 22:43:01'),(51,51,51,'2018-02-17 03:11:21'),(52,52,52,'2001-04-01 10:29:51'),(53,53,53,'1974-06-06 02:06:40'),(54,54,54,'1987-10-12 13:46:34'),(55,55,55,'2019-09-22 08:15:50'),(56,56,56,'2015-05-19 12:40:23'),(57,57,57,'2004-08-17 06:00:19'),(58,58,58,'1971-08-29 10:24:46'),(59,59,59,'1980-08-11 05:50:02'),(60,60,60,'2016-08-28 10:21:25'),(61,61,61,'1989-03-31 12:46:20'),(62,62,62,'1976-10-16 04:15:20'),(63,63,63,'1979-10-01 13:45:43'),(64,64,64,'1984-07-26 10:51:43'),(65,65,65,'1998-03-14 14:23:28'),(66,66,66,'1986-05-06 00:36:37'),(67,67,67,'1981-11-05 04:54:16'),(68,68,68,'1986-09-22 14:45:25'),(69,69,69,'1973-07-12 22:21:37'),(70,70,70,'2020-06-02 01:36:19'),(71,71,71,'1987-07-03 21:43:15'),(72,72,72,'1981-11-05 23:39:42'),(73,73,73,'1979-10-22 04:54:47'),(74,74,74,'1978-10-08 06:08:24'),(75,75,75,'2008-04-22 00:06:08'),(76,76,76,'1981-08-13 16:07:34'),(77,77,77,'2008-02-11 00:28:02'),(78,78,78,'2000-10-15 11:41:37'),(79,79,79,'1972-06-15 03:25:35'),(80,80,80,'2013-11-03 10:50:36'),(81,81,81,'1987-04-14 23:01:47'),(82,82,82,'2006-08-01 21:40:13'),(83,83,83,'1970-01-27 12:11:59'),(84,84,84,'1992-08-22 06:32:48'),(85,85,85,'1990-01-03 16:08:49'),(86,86,86,'1998-02-18 16:23:35'),(87,87,87,'2018-05-11 09:49:08'),(88,88,88,'1979-02-16 08:31:31'),(89,89,89,'1988-11-10 14:38:19'),(90,90,90,'1974-10-18 23:46:27'),(91,91,91,'1993-10-20 14:46:48'),(92,92,92,'1988-10-09 20:47:05'),(93,93,93,'2008-07-25 14:04:19'),(94,94,94,'1970-07-11 06:03:52'),(95,95,95,'1979-06-28 18:19:42'),(96,96,96,'1979-02-11 14:43:54'),(97,97,97,'2019-07-29 13:27:36'),(98,98,98,'1986-07-13 03:24:09'),(99,99,99,'1995-05-30 21:33:03'),(100,100,100,'1987-02-24 04:17:11');
/*!40000 ALTER TABLE `likes` ENABLE KEYS */;
UNLOCK TABLES;

--
-- Table structure for table `media`
--

DROP TABLE IF EXISTS `media`;
/*!40101 SET @saved_cs_client     = @@character_set_client */;
/*!40101 SET character_set_client = utf8 */;
CREATE TABLE `media` (
  `id` bigint(20) unsigned NOT NULL AUTO_INCREMENT,
  `media_type_id` bigint(20) unsigned NOT NULL,
  `user_id` bigint(20) unsigned NOT NULL,
  `body` text COLLATE utf8mb4_unicode_ci DEFAULT NULL,
  `filename` varchar(255) COLLATE utf8mb4_unicode_ci DEFAULT NULL,
  `size` int(11) DEFAULT NULL,
  `metadata` longtext CHARACTER SET utf8mb4 COLLATE utf8mb4_bin DEFAULT NULL CHECK (json_valid(`metadata`)),
  `created_at` datetime DEFAULT current_timestamp(),
  `updated_at` datetime DEFAULT NULL ON UPDATE current_timestamp(),
  UNIQUE KEY `id` (`id`),
  KEY `user_id` (`user_id`),
  KEY `media_type_id` (`media_type_id`),
  CONSTRAINT `media_ibfk_1` FOREIGN KEY (`user_id`) REFERENCES `users` (`id`),
  CONSTRAINT `media_ibfk_2` FOREIGN KEY (`media_type_id`) REFERENCES `media_types` (`id`)
) ENGINE=InnoDB AUTO_INCREMENT=101 DEFAULT CHARSET=utf8mb4 COLLATE=utf8mb4_unicode_ci;
/*!40101 SET character_set_client = @saved_cs_client */;

--
-- Dumping data for table `media`
--

LOCK TABLES `media` WRITE;
/*!40000 ALTER TABLE `media` DISABLE KEYS */;
INSERT INTO `media` VALUES (1,1,1,'Laudantium ut aut officia tempore tenetur natus. Porro illo commodi magnam error laborum hic numquam et. Rerum ipsum voluptas libero soluta.','debitis',732,NULL,'1972-09-15 01:10:30','2013-03-25 04:26:59'),(2,2,2,'Voluptatem quia atque aut eius. Exercitationem quaerat quas velit enim dignissimos quis. Eveniet enim veniam deserunt.','voluptatem',550620,NULL,'1999-01-03 00:27:07','1982-05-24 03:43:33'),(3,3,3,'Voluptas sit aut quo veritatis porro aspernatur. Commodi laboriosam eaque sint corrupti animi ipsam amet rem. Optio sit et dignissimos est reiciendis nulla nesciunt. Iste reprehenderit possimus voluptatem maxime.','numquam',7,NULL,'1993-05-10 03:15:56','1975-12-24 18:26:53'),(4,4,4,'Aut ipsam error et praesentium molestiae error. Quos quidem nihil et sed et dolore qui. Officia tempora aut perferendis occaecati accusamus dicta et quaerat. Quod officiis deleniti magni alias non.','incidunt',3087152,NULL,'1981-10-30 03:41:26','1972-10-15 15:08:38'),(5,1,5,'Eos eaque delectus facere nulla accusamus. Quis ut cupiditate aut mollitia numquam et nobis. Voluptas doloremque amet ullam.','nostrum',632812899,NULL,'2014-05-28 20:06:02','1995-08-29 12:00:39'),(6,2,6,'Architecto deleniti laudantium numquam autem. Commodi est quam quas et quibusdam dolor incidunt. Enim enim facilis quidem aspernatur accusamus et. Quis inventore molestias aut est sapiente nisi molestiae.','sequi',731,NULL,'1979-02-24 22:09:37','1979-02-23 21:01:05'),(7,3,7,'Sint doloribus tenetur dolorum et cumque. Et aut id ipsa distinctio illum est odit totam. Aut vero recusandae non quibusdam magni voluptas quis.','rerum',791777963,NULL,'2015-05-17 03:37:43','1982-11-24 12:02:28'),(8,4,8,'Ratione qui quo nisi quia nemo. Sint vitae consectetur esse non. Iure in autem debitis tenetur aut dolorum voluptatem.','exercitationem',8210222,NULL,'1986-12-12 23:30:16','1988-12-19 12:15:52'),(9,1,9,'Est hic iusto et dolorem. Eligendi eveniet consequatur eos sit excepturi laudantium. Quo molestiae porro aut illum. Temporibus vero impedit autem ducimus ullam ut.','voluptatum',0,NULL,'2003-12-21 06:23:08','1998-09-06 06:28:12'),(10,2,10,'Quisquam saepe quisquam dicta. Voluptatem neque ducimus magnam sit optio nobis odit harum. Quas voluptas accusantium saepe dolorem eos aliquam non.','veritatis',254,NULL,'2012-01-07 00:06:33','1975-05-28 17:08:26'),(11,3,11,'Eos et qui at et omnis. Ullam vel quo totam quisquam ut inventore suscipit. Perferendis saepe quia a provident ut.','esse',973655836,NULL,'1999-03-08 07:46:34','1999-04-28 19:22:27'),(12,4,12,'Et cumque labore id et vero corrupti magni. Sed dolorum ut placeat. Quia sunt omnis velit dolores velit tempore. Dolore rerum at et sit voluptatem nemo. Et et nostrum consequatur placeat.','aliquid',35762427,NULL,'2020-07-31 08:49:35','1972-03-30 23:08:10'),(13,1,13,'Quidem voluptates corporis amet rem. Consequatur voluptatibus placeat nisi assumenda. Minima deserunt tempore quaerat vitae et. Et mollitia quia consequatur et adipisci error officiis.','dolores',9,NULL,'2019-10-04 07:36:43','2008-03-27 20:21:03'),(14,2,14,'Labore aspernatur dolore enim. Accusantium incidunt incidunt doloremque minima. Quia impedit omnis ut ullam voluptate mollitia.','esse',0,NULL,'2003-03-08 16:46:11','1996-05-29 11:34:17'),(15,3,15,'Autem sint aperiam impedit qui qui ea aut consectetur. Et voluptatem magni ex. Repellendus nihil voluptates accusantium distinctio minus. Maxime autem dolor quia soluta.','hic',729,NULL,'2004-06-13 21:33:36','2015-07-01 11:37:47'),(16,4,16,'Cupiditate adipisci temporibus quia dolorum esse nostrum ratione. Vitae voluptatibus omnis atque soluta aut eum ad et. Non soluta non dolore sed autem atque.','sequi',8860396,NULL,'2003-07-29 17:15:15','1995-12-25 03:25:33'),(17,1,17,'Suscipit ea voluptatum vero. Qui possimus dicta corporis voluptatibus ratione. Atque repellendus eveniet et culpa est in eveniet.','nisi',9527,NULL,'1976-03-10 09:17:59','2010-03-11 10:54:12'),(18,2,18,'Tenetur pariatur eveniet quam quia beatae. Est aliquam pariatur molestias. Quia animi et voluptatem quaerat qui explicabo. Rerum iste soluta hic non.','quod',8359360,NULL,'1992-01-24 23:41:40','2000-03-20 18:55:59'),(19,3,19,'Voluptatem ipsa ut et. Vero earum accusantium harum unde porro. Sit id qui id quos excepturi optio voluptas. Eveniet labore quo qui dicta nihil.','reprehenderit',96095047,NULL,'1980-12-16 15:11:08','2001-08-07 22:19:56'),(20,4,20,'Ducimus necessitatibus rerum expedita quisquam. Rem veritatis debitis temporibus hic accusantium nihil sapiente. Iure ducimus non aut possimus labore veritatis ex.','et',12,NULL,'1996-01-13 12:45:14','1999-05-31 08:53:21'),(21,1,21,'Eos ad qui architecto dolorem pariatur consectetur. Quis quisquam eveniet laudantium fugit. Eius dolor voluptatum quia.','expedita',938,NULL,'1987-10-02 20:35:34','2016-06-19 05:28:21'),(22,2,22,'Repellendus reprehenderit quae dolor. Non velit commodi quas molestiae. Et non est quibusdam inventore quibusdam qui.','et',2,NULL,'1982-07-12 22:00:49','2017-02-07 23:34:56'),(23,3,23,'Sapiente est et libero nihil totam quam dolor. Consequatur quaerat impedit vel suscipit reprehenderit ut mollitia vel. Non modi veritatis adipisci ea et quae. Architecto voluptatem voluptatem earum officia sint.','voluptatem',9073,NULL,'1975-01-01 12:36:07','2008-04-29 12:01:46'),(24,4,24,'Iusto sapiente nihil voluptatem praesentium consequatur reiciendis architecto ipsam. Saepe ut cum asperiores odit culpa ea voluptatum. Qui eos facilis non. Veniam architecto modi voluptatem.','reiciendis',5142934,NULL,'2002-01-27 14:05:58','1982-06-24 04:50:30'),(25,1,25,'Natus eligendi et cupiditate id eum. Aliquid autem alias qui optio vero. Et maxime autem rem rerum autem voluptatem dolores.','odit',7475365,NULL,'2010-07-10 05:12:48','2004-01-07 20:01:39'),(26,2,26,'Ipsam sit ut ut autem veniam est. Accusantium cumque perferendis magnam neque distinctio ipsum. Ipsum alias est et magni consectetur nulla ut. Et et consectetur eum magni.','quasi',6492160,NULL,'2016-11-30 15:45:35','2008-09-19 18:05:38'),(27,3,27,'Libero aspernatur odio et. Quod deserunt nihil tenetur officia quisquam. Laudantium quasi dolore neque exercitationem ut inventore. Rerum optio adipisci ducimus adipisci omnis aut nihil.','vel',58778484,NULL,'2010-04-12 07:46:22','2006-06-25 17:54:34'),(28,4,28,'Qui temporibus veniam ab illum ipsa illum. Pariatur dicta et sunt repudiandae. Quidem fugiat voluptatem eos et optio.','explicabo',7,NULL,'1979-06-13 12:35:35','1992-02-24 18:10:30'),(29,1,29,'Et et rem nisi vero culpa. Expedita dolor fuga quidem cupiditate harum nisi harum. In voluptatem error qui quam. Voluptas illo nihil ad.','iusto',1127296,NULL,'1988-12-29 00:49:40','1972-10-23 07:05:05'),(30,2,30,'Repellat laboriosam ut nihil quia culpa expedita aut. Dolorum ducimus nemo et velit libero dolorem iure omnis.','aut',4374394,NULL,'1997-02-10 09:07:11','2020-07-24 17:56:37'),(31,3,31,'Assumenda reiciendis velit et. Nihil aut consectetur molestiae consectetur. Et ex facere recusandae.','adipisci',0,NULL,'2003-01-21 21:57:12','1982-12-29 15:24:36'),(32,4,32,'Dolores commodi minus dolores aut similique. Illo et nobis veritatis officia. Illum perspiciatis qui ut ut dolorum cupiditate.','dolorem',0,NULL,'1987-08-15 03:14:55','1976-04-04 15:10:37'),(33,1,33,'Dolores aut cum nemo rerum dolore aut. Pariatur et excepturi ut non similique. Earum et qui consequatur fuga consequatur voluptate ut incidunt. Sed delectus eum enim architecto sit tempore nihil id.','amet',61597985,NULL,'1999-04-16 04:57:13','1989-03-22 09:24:29'),(34,2,34,'Qui aut consequatur expedita autem. Aut facere saepe possimus nostrum culpa id id ipsum. Commodi ipsum vel eum. Veritatis quae culpa dolorem quaerat quae tenetur.','repudiandae',8,NULL,'1985-01-31 21:45:42','1974-04-24 22:19:13'),(35,3,35,'Minima iste esse iste nobis iusto. Ducimus porro doloribus iure consequatur voluptas. Reprehenderit placeat sequi incidunt itaque qui est accusamus asperiores. Quia tenetur aliquid dolor laborum eum qui recusandae.','commodi',5542014,NULL,'1973-04-12 22:52:27','1993-06-12 10:54:11'),(36,4,36,'Beatae debitis sed quibusdam mollitia aspernatur veniam dolores. Ut assumenda ut commodi enim dolorem assumenda. Aliquid saepe sed iste voluptas culpa voluptatem.','quis',881964390,NULL,'1998-04-01 02:13:32','2008-03-23 18:17:44'),(37,1,37,'Sed quasi fugiat nihil fuga sapiente. Voluptates porro aut alias qui quisquam. Repudiandae optio rem sit. Perferendis in sunt a voluptas autem.','pariatur',55947574,NULL,'1988-01-28 09:27:56','2005-01-24 21:50:43'),(38,2,38,'Eos aliquam aut consequuntur ducimus accusantium aliquid est. Accusamus cum quia molestias odio minima ipsum. Eius molestiae repellat quia aliquam.','deleniti',1819577,NULL,'2003-01-27 00:56:28','1986-02-12 03:22:34'),(39,3,39,'Quis aspernatur ex earum aut eos facere. Facere dicta dolor dolor porro est deleniti fugiat animi. Animi aliquid expedita et. Unde et ipsa harum aperiam doloribus excepturi rerum doloribus.','libero',0,NULL,'1993-12-31 19:34:08','2010-05-29 14:42:15'),(40,4,40,'Et possimus est inventore ut dolorum aliquid. Impedit aut sunt similique velit illo. Culpa rerum distinctio consequuntur quaerat quas veniam.','beatae',3120654,NULL,'2004-12-22 23:33:57','1970-04-11 21:52:18'),(41,1,41,'Architecto nihil ex saepe et dicta. Eaque excepturi est quae reiciendis. Tenetur et sint consequatur commodi.','magnam',3648706,NULL,'1987-12-27 13:54:38','2010-05-26 22:41:46'),(42,2,42,'Nihil recusandae eos consectetur laboriosam voluptatibus non blanditiis. Commodi sint expedita voluptatem iusto facere. Ut culpa aspernatur eos aut perspiciatis qui aut.','autem',3,NULL,'2013-08-27 14:38:03','1979-04-27 19:18:33'),(43,3,43,'Vitae nemo deleniti et quas voluptatibus sunt odit rerum. Sed adipisci dolor et.','magnam',776394185,NULL,'1988-11-08 19:00:56','1976-08-12 19:54:10'),(44,4,44,'Aut tenetur laboriosam ipsa voluptatem aut fugiat consectetur labore. Beatae incidunt quas sed impedit. Autem mollitia et maiores recusandae.','vitae',78,NULL,'1979-11-12 20:49:04','2010-12-09 20:07:42'),(45,1,45,'Quis aut molestiae tempore doloribus laborum tempora. Est veritatis consequatur voluptatem ad. Inventore eius accusantium mollitia aut veniam officia.','fugit',208609,NULL,'1991-11-10 20:30:19','2016-04-23 12:31:30'),(46,2,46,'Iusto omnis ipsam consequatur eum. Aut magnam numquam voluptatem consequuntur est repudiandae officiis. Aut corrupti minus asperiores quae quam accusantium. Maiores ea sunt similique explicabo ullam eius facilis.','et',0,NULL,'1996-09-09 23:57:44','2010-02-14 08:00:48'),(47,3,47,'Accusamus quaerat voluptatum nemo reprehenderit. Reiciendis cum ducimus et libero velit nostrum nihil. Qui ea eveniet dolorem aspernatur a facilis.','dolorem',314,NULL,'1970-01-28 17:26:51','2011-08-07 14:48:05'),(48,4,48,'Eveniet et optio vel voluptas minus. Maxime sint iure sapiente consequatur beatae omnis libero nisi. Sequi blanditiis est adipisci assumenda rerum excepturi quisquam. In sed dolor voluptates et consectetur aperiam.','qui',9901,NULL,'2017-02-19 06:47:02','2001-11-10 05:06:56'),(49,1,49,'Sint et voluptatibus aut sit ipsam laudantium. Aut autem officiis iusto porro. Deleniti doloremque pariatur placeat rerum vitae mollitia hic. Et dolorem quos eum voluptas. Sed iusto magni numquam eum vel ipsum.','quae',697,NULL,'1970-07-16 10:32:17','2005-04-07 08:21:26'),(50,2,50,'Nobis provident est est reprehenderit aut aspernatur voluptatum. Distinctio autem dolorem dicta modi non labore. Nam ad vero vel aliquid unde deserunt officia. Tempora atque id quo dolor cum autem.','facere',522,NULL,'2003-08-06 04:26:09','2010-02-04 03:03:53'),(51,3,51,'Unde cumque quisquam ea repellendus beatae. Facere voluptate sed qui minima aut atque et. Non exercitationem provident sint modi pariatur. Enim a dolores incidunt corporis laborum et ut.','quam',8,NULL,'1992-05-19 14:15:15','1987-07-15 20:05:32'),(52,4,52,'Quaerat possimus quia molestiae. Praesentium illum suscipit officiis enim sunt. Praesentium voluptatem quisquam consectetur odio velit beatae. Maxime nobis eligendi voluptatem ut labore.','tempora',994,NULL,'2020-09-27 16:56:17','2005-01-03 20:10:39'),(53,1,53,'Placeat labore sit iure omnis quae consequuntur aspernatur dolor. In dolore animi aliquid id. Tempora id cupiditate quidem tempora nisi nulla qui. Rerum quam alias est omnis soluta eveniet repellat eum.','aut',570590696,NULL,'1989-12-01 05:40:52','1998-07-09 00:35:20'),(54,2,54,'Dicta et eum aut sit rerum voluptatem. Tempore nihil quis est porro. Autem harum dolorem in quae dolores facere odit. Porro aut hic praesentium quas.','maiores',29974,NULL,'1989-04-26 12:09:29','2015-03-05 10:33:07'),(55,3,55,'Recusandae et dolore non quis quos. Et accusamus facere consequatur doloremque sit numquam amet. Illo doloremque fuga qui. Sit magnam nulla non ipsa voluptatem.','corporis',81268062,NULL,'1995-12-12 15:01:43','2009-02-26 07:37:00'),(56,4,56,'Provident quo ex nisi dolorem repellat aspernatur modi. Consequatur consequatur ut adipisci aliquid. Occaecati qui voluptatem recusandae architecto repellendus. Quia recusandae quasi est perferendis voluptas non aut.','reprehenderit',441102711,NULL,'2009-05-06 02:11:17','1979-04-14 03:10:40'),(57,1,57,'Natus vero non sed amet repudiandae. Iusto non aut laboriosam consectetur quo est sint. Ut consectetur dolores consequatur modi eaque amet aut.','fugit',6391231,NULL,'2005-05-03 06:23:43','1984-10-09 09:50:46'),(58,2,58,'Autem temporibus aut reiciendis libero consequatur. Unde optio ab est rerum. Dolorum adipisci consequatur quisquam sint natus qui.','qui',0,NULL,'2016-01-07 02:18:12','1995-10-17 12:59:03'),(59,3,59,'Sint et vel quidem necessitatibus eveniet odit voluptatum alias. Cumque corporis eligendi et ad quo unde aliquam aperiam. Ratione expedita fuga et voluptatem dicta omnis omnis.','porro',53,NULL,'2009-08-09 16:30:18','2000-03-17 04:14:20'),(60,4,60,'Ipsam quod pariatur sint non id error id. Et non vero veritatis cupiditate. Commodi quo qui eos eaque. Numquam placeat ut eius nesciunt impedit et et commodi.','ea',6193075,NULL,'2000-08-01 09:22:39','1994-03-12 16:38:09'),(61,1,61,'Qui doloremque nesciunt cum reiciendis consequuntur. Laborum non nostrum voluptatem occaecati quos deleniti. Incidunt numquam nesciunt perspiciatis optio non voluptatem.','repellendus',255440986,NULL,'2005-06-19 10:39:54','2000-05-16 06:38:00'),(62,2,62,'Vero unde aperiam velit voluptatem quia corrupti quia libero. Amet tempora reiciendis et aspernatur ipsam dolor veniam consequatur. Fugiat veritatis ad dolorem voluptates animi.','commodi',0,NULL,'1980-06-27 05:29:23','1978-12-05 18:08:52'),(63,3,63,'Nihil voluptatem sunt alias quam quia rerum. Harum qui voluptas eligendi porro. Voluptatem esse est voluptatum eum vero voluptatem consequatur.','impedit',13364,NULL,'2018-09-02 19:02:17','2013-04-17 15:55:10'),(64,4,64,'Et et laudantium fugit quae atque. In ea adipisci necessitatibus nihil ea fuga laborum. Consequatur quisquam omnis harum exercitationem quo.','quis',4,NULL,'1976-01-02 00:52:49','1978-02-08 22:16:11'),(65,1,65,'Id accusantium aut enim quidem in qui. Consequatur amet fuga laudantium corporis necessitatibus hic. Sit dolorum enim quisquam totam. Ipsa qui labore quibusdam minus dolor repellat.','eos',158,NULL,'1970-12-27 19:00:23','1976-11-24 13:39:47'),(66,2,66,'Laudantium et est optio vitae libero culpa cumque. Rerum assumenda quia aut et qui beatae. Dolores explicabo quo consequuntur ullam iste dolor ut. Possimus odit exercitationem magni ut molestias laudantium ad eum.','ea',577,NULL,'1986-06-11 01:29:55','1993-04-16 15:02:34'),(67,3,67,'Aspernatur blanditiis facilis pariatur ea nihil maxime enim. Incidunt fugiat perspiciatis sapiente consequatur ea. Ut facilis aut eum vitae unde dolor totam beatae. Corrupti magnam placeat vitae non.','ut',38,NULL,'2013-07-05 00:12:02','1979-08-28 02:22:40'),(68,4,68,'Molestiae aut velit aliquid molestiae vel est laborum incidunt. Vero exercitationem quam aut voluptas totam vel quo. Modi distinctio quaerat aut dolorem. Fuga vero rem voluptatem. Numquam velit qui sequi et enim.','vitae',8,NULL,'2012-08-09 03:53:52','2005-11-09 09:55:37'),(69,1,69,'Aut reiciendis quis ipsa. Et aliquid repudiandae placeat corporis ipsam aut. Quis harum harum aliquid rerum tenetur qui. Ut deserunt esse earum.','aliquid',0,NULL,'1992-08-18 16:25:38','2007-02-09 04:35:49'),(70,2,70,'Quia neque voluptate expedita qui. Inventore nisi voluptatem ipsum non ipsam temporibus. Eos qui voluptas iusto at voluptate voluptatem deleniti.','perspiciatis',4929,NULL,'1994-02-08 17:04:43','1989-09-26 01:35:34'),(71,3,71,'Corrupti commodi iusto earum animi ab sed. Qui sed aut esse illo eos. Qui impedit natus commodi perferendis corporis. Rerum nulla unde omnis sed consequatur velit consequatur. Consectetur quidem a nam commodi voluptatem nulla autem.','corporis',0,NULL,'1997-08-28 00:08:19','1988-03-05 17:11:38'),(72,4,72,'Quia vel fugit suscipit quasi. Voluptatem a ut aspernatur consequatur. Qui nisi qui quas explicabo maxime molestias fugit. Sed non magni non.','similique',15390044,NULL,'1989-02-03 20:05:24','2002-12-20 20:52:43'),(73,1,73,'Laborum dolores rerum explicabo quos illum. Necessitatibus ea eveniet soluta odio voluptatem facilis enim nemo. Recusandae aut quia provident ipsa. Eum alias facere amet sunt unde debitis.','illo',4867,NULL,'1994-11-11 21:07:06','2020-07-16 18:37:36'),(74,2,74,'Rem amet qui sunt ducimus explicabo. Beatae rem et amet earum. Et omnis quia earum facilis nostrum.','distinctio',4280884,NULL,'2019-07-13 00:20:45','1996-06-10 11:15:56'),(75,3,75,'Corporis repellendus recusandae id maxime aliquid. Commodi enim nisi sit sapiente omnis. In fugiat qui eum qui corporis facere ratione.','dolore',944,NULL,'2004-10-18 10:21:13','1973-04-16 01:13:54'),(76,4,76,'Maxime esse fuga nihil assumenda consequatur labore. Similique dolorum et quas ad eveniet et quod. Enim laborum ut magnam blanditiis consequatur enim delectus quo.','quasi',5,NULL,'1993-01-20 01:16:20','1984-10-14 05:45:21'),(77,1,77,'Occaecati deleniti voluptatem ea consequatur in odit ipsam. Molestiae magni aut omnis rerum. Accusamus incidunt voluptatem harum veritatis. Reprehenderit sed voluptatem eos deleniti unde quo nesciunt. Aperiam eius nihil id non similique et.','laborum',106495,NULL,'1989-05-16 00:56:47','1994-03-24 03:07:01'),(78,2,78,'Perferendis delectus accusantium eaque id. Labore ad illum beatae pariatur. Sapiente rerum eveniet iure assumenda repellat animi est. Minus et unde eum.','exercitationem',871,NULL,'1986-01-04 23:16:35','1986-01-28 02:00:23'),(79,3,79,'Provident est nam qui qui. Et molestiae qui libero voluptatum qui magni qui itaque.','totam',28,NULL,'2013-08-06 14:00:37','2004-08-31 14:39:14'),(80,4,80,'Sit odit molestias possimus ad consequuntur et omnis praesentium. Fuga exercitationem et nihil expedita autem incidunt. Vitae omnis quis error. Voluptatibus occaecati quia natus aut sed aut et. Voluptas ut est voluptas ea consequatur deleniti.','facilis',16,NULL,'1985-09-21 05:15:01','1993-02-06 01:21:19'),(81,1,81,'Et ullam nulla ut velit. Et ducimus et inventore iure. Ea voluptatem et ex est.','minima',75694,NULL,'2011-10-07 23:05:06','2010-04-28 07:35:25'),(82,2,82,'Et ipsa doloribus quas est. Est dolores corrupti atque sed in. Nulla et dolores dignissimos sit labore animi.','aut',0,NULL,'1976-04-11 08:29:56','2015-12-18 04:20:06'),(83,3,83,'Quia et qui tempora qui odio. Veniam assumenda iste quas quidem non qui.','eum',0,NULL,'1986-08-25 17:33:05','2006-05-15 07:55:53'),(84,4,84,'Distinctio ab dolorem qui. Rerum asperiores qui molestiae qui aperiam voluptas deserunt amet. Rerum ut qui in sit sint repellat minima. Earum consectetur ut consequuntur doloribus excepturi voluptas voluptatum.','fugit',35355,NULL,'2011-10-31 13:34:34','2010-08-01 02:17:40'),(85,1,85,'Sint ratione cumque illum nesciunt aut. Unde est sequi autem consequatur earum. Et architecto sapiente cupiditate explicabo. Dolor natus dolor quis odit consectetur odit.','ab',3047453,NULL,'1983-10-31 17:16:15','1983-06-11 06:16:30'),(86,2,86,'Minima inventore quam voluptatem. Delectus quod atque quasi assumenda eligendi ut. Rerum aspernatur tempore quis voluptas maiores ab velit. Nesciunt quia impedit maxime.','sint',0,NULL,'1981-11-26 14:09:25','1979-01-27 21:20:40'),(87,3,87,'Tempore modi autem temporibus. Cum voluptatem voluptas aut voluptatibus esse. Corporis labore sit voluptatem sunt tenetur nisi nesciunt consequatur. Neque rerum autem nisi.','eaque',23136175,NULL,'2013-07-15 03:42:44','1983-04-27 22:54:28'),(88,4,88,'Cupiditate sint voluptates excepturi aliquam iusto quisquam. Vel enim dicta qui et. Sapiente maiores corporis officiis omnis omnis. Sint quo aspernatur facere suscipit eligendi repellendus aut.','maxime',4444764,NULL,'1997-03-21 21:37:57','1993-01-30 07:08:35'),(89,1,89,'Veritatis quos dolorem ea minus aperiam molestiae. Fuga repudiandae quis ex id necessitatibus ab est aut. Iste voluptas facilis dolor qui pariatur officia. Vero at beatae dolor reprehenderit officiis ducimus aut.','accusantium',9,NULL,'1995-04-23 17:24:18','1991-03-28 16:51:42'),(90,2,90,'Nam qui enim enim eum vel omnis sed laborum. Distinctio ut rerum nemo nam molestiae doloremque. Mollitia ea odit similique doloribus.','quis',1,NULL,'1985-06-05 00:10:46','1974-09-14 13:10:28'),(91,3,91,'Numquam et nobis qui enim corporis earum laboriosam. Velit sed deserunt ut id et ut quis. Vitae ad totam repudiandae qui fugit eos dolores.','officiis',0,NULL,'2011-10-22 21:59:07','1988-06-29 06:15:26'),(92,4,92,'Quas ea nihil omnis magnam mollitia vitae. Et repellendus consectetur quia. Dolores assumenda iure non. Eius id veritatis corrupti qui rem voluptatem. Commodi numquam pariatur perferendis quasi dolorum dicta voluptatibus.','aliquam',1302377,NULL,'2010-09-12 11:00:40','1979-09-16 05:02:17'),(93,1,93,'At numquam quis et mollitia. Aut dolorum sed quia aut officia. Ea suscipit est molestiae temporibus sint officiis. Minima iusto quia consequuntur officiis natus voluptatem facilis.','modi',25,NULL,'1991-08-04 14:25:49','1982-02-14 07:40:17'),(94,2,94,'Iure dolores enim quas ab voluptatem porro reprehenderit aspernatur. Cumque porro quia fuga sapiente nam. Blanditiis quis et quia ea labore voluptatibus reiciendis. Aut ratione suscipit non est.','aspernatur',468,NULL,'1978-01-04 23:48:35','1989-04-11 15:28:22'),(95,3,95,'Quam suscipit aperiam nostrum architecto libero in. Velit voluptatibus at ad cum suscipit. Rerum unde nihil explicabo ea dolorem officiis adipisci. At architecto quis non delectus aut.','earum',515,NULL,'2014-07-07 10:23:34','1997-10-15 13:36:19'),(96,4,96,'Enim ut ut qui rerum enim libero magnam. Totam consequuntur omnis ullam. Beatae alias aut non at dignissimos in.','blanditiis',1,NULL,'1972-10-10 07:03:07','2007-10-28 04:08:22'),(97,1,97,'Error necessitatibus consequatur dicta nesciunt qui dolorem. Harum doloremque aliquam ea beatae quia laudantium. Eaque sed qui accusantium repellendus et. Exercitationem saepe aperiam sint quidem sequi iure illum ducimus.','repudiandae',55987368,NULL,'1992-01-24 13:03:27','1984-12-18 22:17:26'),(98,2,98,'Nam nesciunt temporibus accusantium facilis dolores nobis esse sit. Facere rerum dolores molestiae aut. Quidem velit totam numquam et tempora id autem.','maxime',82386330,NULL,'1988-11-20 07:53:34','1990-09-22 21:32:45'),(99,3,99,'Dolor est dolorem consequuntur commodi voluptatem. Qui quia aut natus quo eligendi facilis. Vel rerum et incidunt praesentium sed.','ex',3,NULL,'1984-08-16 05:06:54','1977-09-19 05:06:55'),(100,4,100,'Molestias consequatur alias molestias excepturi quasi quidem et. Reiciendis rerum qui inventore quis blanditiis. Nemo eos nihil est.','nobis',28600,NULL,'2000-10-30 18:14:45','1980-07-19 18:16:26');
/*!40000 ALTER TABLE `media` ENABLE KEYS */;
UNLOCK TABLES;

--
-- Table structure for table `media_types`
--

DROP TABLE IF EXISTS `media_types`;
/*!40101 SET @saved_cs_client     = @@character_set_client */;
/*!40101 SET character_set_client = utf8 */;
CREATE TABLE `media_types` (
  `id` bigint(20) unsigned NOT NULL AUTO_INCREMENT,
  `name` varchar(255) COLLATE utf8mb4_unicode_ci DEFAULT NULL,
  `created_at` datetime DEFAULT current_timestamp(),
  `updated_at` datetime DEFAULT NULL ON UPDATE current_timestamp(),
  UNIQUE KEY `id` (`id`)
) ENGINE=InnoDB AUTO_INCREMENT=5 DEFAULT CHARSET=utf8mb4 COLLATE=utf8mb4_unicode_ci;
/*!40101 SET character_set_client = @saved_cs_client */;

--
-- Dumping data for table `media_types`
--

LOCK TABLES `media_types` WRITE;
/*!40000 ALTER TABLE `media_types` DISABLE KEYS */;
INSERT INTO `media_types` VALUES (1,'eum','2002-04-25 19:46:13','1998-08-06 19:39:39'),(2,'nam','1981-06-01 00:28:40','1977-02-15 23:41:26'),(3,'odio','1971-12-01 13:59:53','1985-08-05 01:13:25'),(4,'sequi','1978-07-21 20:37:44','1987-09-27 00:45:49');
/*!40000 ALTER TABLE `media_types` ENABLE KEYS */;
UNLOCK TABLES;

--
-- Table structure for table `messages`
--

DROP TABLE IF EXISTS `messages`;
/*!40101 SET @saved_cs_client     = @@character_set_client */;
/*!40101 SET character_set_client = utf8 */;
CREATE TABLE `messages` (
  `id` bigint(20) unsigned NOT NULL AUTO_INCREMENT,
  `from_user_id` bigint(20) unsigned NOT NULL,
  `to_user_id` bigint(20) unsigned NOT NULL,
  `body` text COLLATE utf8mb4_unicode_ci DEFAULT NULL,
  `created_at` datetime DEFAULT current_timestamp(),
  UNIQUE KEY `id` (`id`),
  KEY `from_user_id` (`from_user_id`),
  KEY `to_user_id` (`to_user_id`),
  CONSTRAINT `messages_ibfk_1` FOREIGN KEY (`from_user_id`) REFERENCES `users` (`id`),
  CONSTRAINT `messages_ibfk_2` FOREIGN KEY (`to_user_id`) REFERENCES `users` (`id`)
) ENGINE=InnoDB AUTO_INCREMENT=101 DEFAULT CHARSET=utf8mb4 COLLATE=utf8mb4_unicode_ci;
/*!40101 SET character_set_client = @saved_cs_client */;

--
-- Dumping data for table `messages`
--

LOCK TABLES `messages` WRITE;
/*!40000 ALTER TABLE `messages` DISABLE KEYS */;
INSERT INTO `messages` VALUES (1,1,1,'Eaque soluta reprehenderit necessitatibus aut. Tempora ullam voluptatem dolorem perferendis aut omnis. Aut veniam consequuntur asperiores voluptatem aliquid ipsa eos. Ea vel non ipsum libero ex.','1979-05-30 05:38:34'),(2,2,2,'Qui accusamus atque dolorem illo voluptatibus libero. Ut veniam quia nesciunt esse ex beatae. Saepe eaque aut ipsa non. Qui quisquam vel eum culpa tempore nostrum eos.','2011-02-09 07:18:18'),(3,3,3,'Omnis perferendis omnis dolorem et. Distinctio hic aliquid omnis. Et distinctio quisquam blanditiis excepturi.','1996-03-14 05:50:36'),(4,4,4,'Et dolorem aut dolor tempore dignissimos vero eum. Ipsam sapiente repudiandae est iure. Qui velit nemo corrupti ea mollitia libero quo.','2002-06-24 15:23:34'),(5,5,5,'Iure fuga quaerat praesentium. Ipsam unde mollitia voluptas nisi fugit esse. Cupiditate cum sunt impedit rem. Quo at sunt aut.','2013-02-02 15:32:40'),(6,6,6,'Omnis doloremque consequuntur ex temporibus aliquam a enim inventore. Et consequatur voluptas qui cumque.','2000-01-31 20:16:43'),(7,7,7,'Eveniet explicabo nisi nostrum alias commodi molestiae. Consequatur dolor et ut consequuntur laudantium voluptatem. Quod eos a quidem fugiat quam alias eius.','2002-04-02 20:11:06'),(8,8,8,'Assumenda aut deleniti officia. Sunt qui mollitia minima deleniti consequatur delectus. Magni sunt sed consectetur dolores. Ipsam sed doloribus laborum dolor porro.','1989-08-09 23:43:56'),(9,9,9,'Error animi eum quas eum perferendis ut aut. Non quia assumenda consequatur ducimus. Quia nulla ea aut et. Illum officiis veritatis et quis voluptatibus non.','2003-02-02 19:36:41'),(10,10,10,'Dolorum veritatis aut dolor officia. Non quisquam magni est et. Est voluptas aperiam nam vel harum. Pariatur laudantium earum voluptatem aperiam.','2015-11-13 09:25:26'),(11,11,11,'Ut et aliquam eos quo. Quo et aut velit ipsa dicta repudiandae. Quae quae maxime autem deserunt. Autem officia aut accusamus voluptas et eius.','1974-08-28 03:43:25'),(12,12,12,'Quia est quidem non. Consectetur adipisci et voluptas nemo libero. Optio sit omnis deleniti eligendi dolor.','1985-04-11 10:25:10'),(13,13,13,'Ex et autem non asperiores optio deserunt iusto. In accusantium deserunt laborum veritatis fugiat. Ut laboriosam quisquam harum et magni. Necessitatibus id id numquam sed.','1979-11-02 12:43:47'),(14,14,14,'Saepe veniam dolor quos ad qui. Vel provident hic neque debitis. Rem dolorem velit sequi suscipit quam suscipit quasi. Iste ullam error odit sequi quia et.','1984-12-22 12:53:18'),(15,15,15,'Qui eos et voluptatem nihil. Nulla dolor magni et cupiditate corporis et. Excepturi velit numquam nihil aperiam amet nulla dignissimos. Provident suscipit cum et explicabo est tenetur eum.','2014-03-08 03:26:39'),(16,16,16,'Fugit perferendis velit ut mollitia modi et nam. Aut tenetur et reprehenderit consequatur quo occaecati voluptatem. Commodi pariatur ad architecto ab quasi hic. Est ea sunt reprehenderit ex.','1980-03-05 19:03:11'),(17,17,17,'Voluptas tenetur at modi magnam nam sint ut ratione. Totam dignissimos unde voluptates repellat consectetur consequatur. Quos consequatur et esse eaque aliquid debitis nihil.','1988-02-25 00:41:40'),(18,18,18,'Tenetur consequatur possimus totam culpa ut incidunt repudiandae. Labore sed dolor doloribus iste quibusdam est adipisci in.','2017-10-30 22:31:26'),(19,19,19,'Dolore et est ducimus praesentium. Est quia laboriosam consequatur reprehenderit unde et consequatur. Sint est non ut laboriosam. Aliquid quaerat velit rem et non ipsam.','1974-07-20 10:22:49'),(20,20,20,'Earum exercitationem fuga quia et nostrum. Expedita ut quos ut et deserunt. Eum et quidem voluptas quos est vero quibusdam ad. A voluptas cupiditate quo qui repellendus dolor occaecati.','2021-05-28 12:20:07'),(21,21,21,'Doloremque dolores dignissimos totam totam tempore autem. Quas qui illum iure iusto aut minus. Culpa odio et facere in nostrum ab.','1974-06-01 05:52:13'),(22,22,22,'Sunt cupiditate odio illo est. Quaerat aperiam vero aut perspiciatis iste inventore. Minima dolores et eum quia nam aperiam aut.','1973-03-14 18:59:01'),(23,23,23,'Hic illum ad voluptates praesentium ea soluta. Qui quidem rerum quo et. Laudantium architecto nihil quia. Beatae tenetur unde voluptas ab necessitatibus tenetur. Explicabo itaque quis sit minus architecto amet qui.','1997-07-27 13:46:56'),(24,24,24,'Esse praesentium voluptas nam voluptas et rerum minus. Vel qui ipsam perferendis sunt sunt quod cumque voluptatum. Molestiae doloribus fugit voluptates dignissimos et et. Natus ut sit sit natus distinctio ut eum voluptatem.','2000-04-19 09:34:29'),(25,25,25,'Soluta et illo mollitia id quae sit non et. Dolorum hic facere illum assumenda vel iste maiores. Ea consequatur id voluptatem sapiente dolores quae beatae eos.','1985-04-11 03:03:04'),(26,26,26,'Ut enim voluptate voluptatem incidunt sunt debitis et quo. Ipsum mollitia ipsam alias incidunt ullam aut suscipit. Vero ut inventore aliquam dicta dolorum.','2012-05-31 01:29:38'),(27,27,27,'Vel dolorem qui quas voluptatem voluptatem incidunt. Velit et voluptas et nisi. Illo sit perferendis eos praesentium.','2008-03-12 16:10:09'),(28,28,28,'Facere corporis voluptatem modi velit rerum ut. Iste laudantium est impedit. Cupiditate rem voluptatum delectus ut. Omnis et quis non impedit cupiditate error et.','1982-01-17 20:19:03'),(29,29,29,'Sit amet autem porro officia debitis. Aliquam est minima sapiente excepturi culpa rerum. Quis impedit consectetur totam sed at itaque. Molestiae dolores rerum nobis libero.','2013-09-13 02:07:11'),(30,30,30,'Nisi et qui magni beatae aut quos. Laboriosam ratione nostrum perspiciatis nihil perferendis deserunt et.','1990-11-20 07:44:20'),(31,31,31,'Incidunt quisquam voluptas earum voluptas et blanditiis. Amet quam at consectetur id. Quis laborum velit esse eos est sunt. Saepe aperiam quam quod reiciendis facere.','2021-05-15 16:09:13'),(32,32,32,'Nam sed qui enim ex. Quisquam ut quasi vitae. Voluptatum earum labore cumque fuga illum.','1991-10-02 09:29:25'),(33,33,33,'Assumenda est impedit nostrum molestiae quia. Sit esse quo impedit ut voluptatem nihil.','2014-01-29 07:16:40'),(34,34,34,'Nihil enim est minima ipsam dolor similique id exercitationem. Aperiam quam nisi magnam a minima voluptatem voluptas. Sit omnis blanditiis possimus explicabo explicabo natus.','2000-07-01 00:11:28'),(35,35,35,'Molestiae molestiae consequatur consequatur velit. Repudiandae omnis sint enim in ut quaerat. Voluptatibus cum similique ut debitis sequi.','1985-06-22 04:41:34'),(36,36,36,'Dolor et voluptatem similique earum. Voluptas nam libero facilis. Ratione et corporis nobis illum aliquid recusandae veniam. Fugiat aliquid placeat deleniti voluptates aperiam. Eligendi aut aut architecto totam fuga sunt.','2007-02-27 16:24:12'),(37,37,37,'Quia minima nostrum omnis eveniet impedit. Autem rerum est commodi tempora fugiat dolor doloribus. Blanditiis qui natus distinctio sed eos sunt sunt sequi.','1997-08-31 18:42:46'),(38,38,38,'Porro consequatur ut architecto harum. Ea pariatur aliquam dolores quam nobis recusandae. In dolore cumque et excepturi et aliquid deleniti.','2007-01-21 18:17:26'),(39,39,39,'Fugiat illo blanditiis inventore. Repudiandae harum ratione recusandae id qui sed et. Ea enim harum perspiciatis non. Qui accusantium quia non accusantium.','2017-10-08 18:44:48'),(40,40,40,'Voluptatum autem eaque id qui culpa. Consequatur consequatur commodi sed consequatur deleniti ipsum. Adipisci natus et maiores earum quidem.','1988-03-21 14:48:42'),(41,41,41,'Iusto consectetur excepturi voluptatem optio delectus quis. Dignissimos officiis qui praesentium facere est. Qui autem fugiat optio nihil eum.','2004-11-07 04:22:16'),(42,42,42,'Et et tempora velit assumenda. Rem magnam similique accusamus rem nobis. Nobis unde id ex et minima. Odio eos velit sit perspiciatis voluptatem quasi ipsam.','1991-05-09 01:19:59'),(43,43,43,'Illo eum praesentium omnis. Nesciunt eum fugit eligendi quis quia iusto nulla. Ipsam accusantium tenetur accusamus non sit sit. Vitae pariatur laboriosam modi saepe inventore.','2008-02-08 17:15:03'),(44,44,44,'Harum deleniti commodi aut asperiores incidunt. Et placeat sed aut. Debitis unde rerum vitae repellat recusandae assumenda. Tempora eius laudantium quia omnis. Laudantium itaque voluptatem libero omnis ut.','1990-11-16 14:03:29'),(45,45,45,'Est quas illo necessitatibus voluptatum alias repellat. Qui magni ut quia aliquid libero commodi. Ea totam odio perferendis aut.','2002-04-27 16:29:22'),(46,46,46,'Aut voluptas sit voluptate eius. Quo aut iure mollitia vel quia. Commodi facilis laudantium vel.','1992-06-19 09:40:03'),(47,47,47,'Aut repellat est accusantium voluptatem reiciendis. Fugit repellat voluptatum voluptatum voluptas recusandae ut. Ea quis mollitia est voluptatem.','2016-10-21 02:17:25'),(48,48,48,'Quis fuga soluta fuga quis ipsam deleniti non. Minus qui eos dolore. Sit est possimus voluptates aut labore quibusdam eum. Ducimus et expedita aut fugit recusandae facilis ex.','1997-08-27 23:34:22'),(49,49,49,'Officiis maiores nisi vel culpa error error quidem. Molestias occaecati non vitae quia. Culpa ratione consequatur eum iure sit rem dolore.','1989-03-03 01:18:58'),(50,50,50,'Quisquam est sit voluptate saepe. Placeat et ipsam autem eos ea nihil dignissimos. Officiis sed recusandae minus numquam dolorem quis. Blanditiis fugit odit distinctio nisi qui asperiores porro.','2018-10-09 22:22:38'),(51,51,51,'Et et sunt voluptatem optio consequuntur quo ipsum nam. Quisquam et quibusdam assumenda suscipit ea qui illum.','1974-08-14 06:20:02'),(52,52,52,'Voluptatem occaecati iusto laudantium velit et dicta rerum ut. Quis magnam eveniet dolore placeat et illum esse temporibus. Adipisci autem fugiat voluptatem neque. Corporis eius labore sapiente ut.','1979-05-21 08:12:34'),(53,53,53,'Ut ea rerum sed in voluptatem. Iure dolorem porro repellendus culpa quos aut quisquam. Qui ullam optio aut laboriosam.','2010-06-24 11:43:19'),(54,54,54,'Porro quidem in sint mollitia. Dolor optio voluptatem est aut dolores. Ex maiores et qui maxime omnis consequatur.','1977-10-23 16:00:20'),(55,55,55,'Aliquam qui fuga rerum quas nemo accusamus ducimus. Cum nostrum rerum enim saepe ut.','1970-02-19 06:31:19'),(56,56,56,'Distinctio perspiciatis nihil et dolores veniam fugiat pariatur. Aut repellendus earum quibusdam neque error molestiae. Nam et eaque voluptatum suscipit nam autem. Et eaque fugit reiciendis consequatur quod quam sed.','1978-10-18 02:48:09'),(57,57,57,'Eligendi et deleniti optio minus quia. Facilis dolorem vero dignissimos adipisci in et qui. Debitis ut consequatur perspiciatis asperiores ut quis optio.','2014-10-27 12:38:09'),(58,58,58,'Quo accusantium eaque minus consequatur libero. Quod iste illo omnis mollitia quasi. Architecto consequuntur dicta rerum velit soluta est et. Aperiam doloribus vero iure dolore provident ex facilis. Dignissimos sed aut recusandae dolor earum consequatur.','1976-09-19 08:53:44'),(59,59,59,'Ullam quo blanditiis repellat et aut et nesciunt. Corporis voluptatibus voluptatibus hic enim est. Quidem rerum iure quia saepe.','2012-04-20 15:33:58'),(60,60,60,'Temporibus in eius ea sed fugiat deserunt sunt. Excepturi rem optio vitae qui.','1984-08-08 10:21:47'),(61,61,61,'Et recusandae similique animi et laborum eaque consequatur. Et assumenda eligendi molestiae.','2005-09-11 20:36:27'),(62,62,62,'Nam tempora quidem in soluta labore quos porro. Quam saepe dolorem eum. Sunt magnam iure excepturi nulla aut cupiditate.','1982-11-13 21:35:50'),(63,63,63,'Dolor dolor laboriosam molestiae eligendi asperiores ea accusamus. Sed delectus debitis numquam praesentium dolore nemo dolores deserunt. Ipsum ea error voluptatem velit aut mollitia placeat.','2003-11-16 21:49:25'),(64,64,64,'Nisi sequi harum illum ipsam et nihil. Dolorum in ipsam ea ratione. Quia amet explicabo excepturi consectetur consequatur corrupti. Voluptas et non debitis sed praesentium. In sed autem aut dicta.','1991-06-14 13:46:40'),(65,65,65,'Dignissimos est laborum mollitia. Reprehenderit similique illo repellendus libero. Cupiditate quae sunt quos est unde sit. Amet iste eos assumenda aliquid corporis est distinctio necessitatibus.','1987-03-13 15:18:59'),(66,66,66,'Asperiores quisquam sed vel nam et. Nobis quo vel excepturi iusto odit id veritatis. Quidem molestiae aut vero.','1998-05-06 03:53:29'),(67,67,67,'Ut recusandae maiores fugiat quo porro. Sed nihil iure nam. Omnis et a necessitatibus qui dolores soluta. Nihil commodi magnam aut deserunt.','2016-04-18 00:22:39'),(68,68,68,'Voluptate soluta non voluptas ipsum fuga vitae. Fuga et libero ratione non est rerum.','2003-12-14 06:06:20'),(69,69,69,'Adipisci aspernatur totam voluptatem nemo sapiente et cupiditate. Soluta voluptate ratione nesciunt odit voluptatem.','2013-10-19 11:25:56'),(70,70,70,'Consequuntur quia et perspiciatis ut est eum. Nemo quia facilis magni quidem.','2019-06-04 08:12:56'),(71,71,71,'Iste vel illum magnam voluptatem incidunt corrupti. Voluptatem et vel eveniet excepturi nemo quidem soluta. Praesentium nisi qui ipsa quibusdam beatae. Velit vero maxime non quo eos maxime similique.','1985-06-14 22:03:35'),(72,72,72,'Sunt atque voluptatibus veniam sed. Dignissimos eligendi asperiores sint incidunt. Quia dolores placeat eos et.','1997-10-20 18:27:57'),(73,73,73,'Et numquam fuga harum qui. Fugiat quia et fugit ex ipsa perspiciatis incidunt. Libero aut itaque rem quidem.','1980-03-17 11:42:36'),(74,74,74,'Ipsam perferendis est soluta omnis corporis reprehenderit cum. Enim qui sint reprehenderit aperiam exercitationem natus. Ut et amet exercitationem at sed. Ullam sit sequi ex eos placeat adipisci placeat.','1995-12-31 04:49:29'),(75,75,75,'Nemo molestiae aliquam et voluptatibus id rerum ab. Quaerat aut quia non et ipsum et. Eos asperiores illo sed aut.','1980-07-05 19:50:53'),(76,76,76,'Voluptatum delectus autem aspernatur. Et rem ea deserunt quia tempora enim tenetur. Ut fuga qui fugit.','1972-08-15 13:44:49'),(77,77,77,'Fuga iste voluptatibus sit temporibus commodi et inventore. Et consequatur ad dolorum. Incidunt eius mollitia laboriosam reprehenderit soluta. Illum temporibus veritatis non nam odit est et repudiandae.','1972-06-26 20:31:32'),(78,78,78,'Omnis sed culpa nam voluptatem dolor qui. Ut perferendis cumque minus omnis quia. Quo nihil voluptatem minima cum autem. Quibusdam excepturi fugit totam nisi occaecati dolorum perspiciatis.','1975-04-16 15:59:28'),(79,79,79,'In in cumque sit non. Vel velit qui enim perspiciatis ducimus sequi. Unde accusamus adipisci quod. Et aut sed repellendus necessitatibus molestias aperiam est quidem.','1989-10-01 11:42:41'),(80,80,80,'Inventore voluptatem reiciendis vitae provident. Deleniti enim consequatur saepe ut. Voluptates error a neque dolores quis nostrum. Quia qui error ipsam ipsum est.','1986-11-24 12:09:07'),(81,81,81,'Et beatae maxime perspiciatis sint ducimus sunt assumenda. Reiciendis minima eos neque suscipit. Pariatur culpa sed quia eum alias quia nihil.','2003-09-26 14:38:34'),(82,82,82,'At dolor est veritatis quod. Quia magnam voluptatem deserunt nam et amet. Consequatur blanditiis dolorem quis officiis enim at soluta.','1993-08-26 18:12:22'),(83,83,83,'Quia officia laudantium deserunt quam ea. Quas mollitia quas labore debitis. Mollitia perferendis quos modi deleniti quia. Rerum facilis eum rerum aliquid.','1995-01-01 19:44:49'),(84,84,84,'Amet esse quidem laborum odio quasi. Consequatur ut id qui et nemo fugiat laudantium. Sit id ab et aliquam praesentium iste. Dolore maxime accusamus deserunt aliquam.','2017-07-15 07:31:50'),(85,85,85,'Dicta quo nam ad consequatur. Et quod alias sit porro sapiente qui aspernatur. Nesciunt repellendus non et.','1975-09-22 17:23:15'),(86,86,86,'Eligendi perspiciatis minima voluptas dolores. Aut aut magnam nulla dolorum autem laudantium. Rem soluta quis tempore.','1998-07-12 16:56:44'),(87,87,87,'Quaerat doloremque accusantium aut officiis ut. Excepturi enim animi earum.','1984-08-22 05:29:24'),(88,88,88,'Praesentium sint voluptas at voluptates aut. Nihil assumenda perferendis reprehenderit sunt atque tempore mollitia. Enim laboriosam aut voluptas labore aliquid hic voluptatem. Aliquam beatae ut aut labore assumenda.','1995-11-16 17:42:58'),(89,89,89,'Ratione quas quo rerum modi natus incidunt et illum. Ullam ut et repudiandae dolorem itaque temporibus officiis. Est quibusdam ipsa voluptas voluptas et.','1988-11-05 03:57:30'),(90,90,90,'A quaerat similique dolorem eum esse dolorem. Omnis ut eum sed officiis ex eos. Rerum temporibus distinctio cupiditate eum. Explicabo voluptas aut hic minima.','1995-12-05 20:45:56'),(91,91,91,'Quia corrupti sed aut odio eveniet recusandae ut. Accusantium excepturi aut eos dolores. Id ab aliquid molestias aspernatur.','1992-12-19 10:13:20'),(92,92,92,'Magnam ut facilis harum laboriosam. Quo doloribus sit quia dicta. Asperiores tempora tenetur voluptate ad porro.','1991-05-28 05:46:12'),(93,93,93,'Vitae ex accusamus voluptate ipsum laudantium soluta sed. Soluta voluptatem velit facere totam et. Quas quia accusamus numquam quidem beatae et sit. Provident assumenda consectetur quidem aut.','1972-03-23 10:14:50'),(94,94,94,'Et rerum iusto velit quasi consequatur. Quia nobis unde voluptatem. Est est ipsum iusto voluptatem.','1976-11-08 08:15:12'),(95,95,95,'Occaecati reprehenderit consectetur non omnis. Libero modi error reiciendis. Est enim fugit ratione iure est quibusdam possimus. Culpa sit quidem deserunt dolore nam beatae placeat.','2006-09-16 09:56:42'),(96,96,96,'Omnis dolorem ipsum sit expedita totam officiis omnis. Eligendi et fugit vel dolore illum rerum nihil. Qui error rerum exercitationem et officiis aut accusantium. Tempora alias saepe est nisi veritatis et.','2014-07-04 20:24:42'),(97,97,97,'Quisquam labore sit expedita iure perferendis. Eaque tempora ea voluptas numquam et enim. Ut dicta vero autem voluptatem quaerat quia harum.','2005-06-07 04:12:39'),(98,98,98,'In voluptas autem cumque quibusdam omnis non. Ipsa quas nulla nisi nostrum unde libero et ut. Excepturi quibusdam debitis sit. Temporibus nihil nemo corporis tenetur maxime ea quos vel.','1986-10-02 13:01:03'),(99,99,99,'Quidem blanditiis quidem ut vel voluptas. Dolorem maiores sequi magni et et molestiae. Laborum esse rerum error distinctio.','1974-03-03 17:53:25'),(100,100,100,'Alias temporibus animi odit eius qui autem. Laborum et aut voluptate incidunt officiis et iure. Et molestiae consequatur at hic. Qui dolores explicabo dolores quis ea nihil non deserunt.','2018-03-12 04:02:12');
/*!40000 ALTER TABLE `messages` ENABLE KEYS */;
UNLOCK TABLES;

--
-- Table structure for table `photo_albums`
--

DROP TABLE IF EXISTS `photo_albums`;
/*!40101 SET @saved_cs_client     = @@character_set_client */;
/*!40101 SET character_set_client = utf8 */;
CREATE TABLE `photo_albums` (
  `id` bigint(20) unsigned NOT NULL AUTO_INCREMENT,
  `name` varchar(255) COLLATE utf8mb4_unicode_ci DEFAULT NULL,
  `user_id` bigint(20) unsigned DEFAULT NULL,
  PRIMARY KEY (`id`),
  UNIQUE KEY `id` (`id`),
  KEY `user_id` (`user_id`),
  CONSTRAINT `photo_albums_ibfk_1` FOREIGN KEY (`user_id`) REFERENCES `users` (`id`)
) ENGINE=InnoDB AUTO_INCREMENT=101 DEFAULT CHARSET=utf8mb4 COLLATE=utf8mb4_unicode_ci;
/*!40101 SET character_set_client = @saved_cs_client */;

--
-- Dumping data for table `photo_albums`
--

LOCK TABLES `photo_albums` WRITE;
/*!40000 ALTER TABLE `photo_albums` DISABLE KEYS */;
INSERT INTO `photo_albums` VALUES (1,'et',1),(2,'eos',2),(3,'deleniti',3),(4,'asperiores',4),(5,'tempore',5),(6,'nulla',6),(7,'qui',7),(8,'nobis',8),(9,'ratione',9),(10,'explicabo',10),(11,'asperiores',11),(12,'ad',12),(13,'omnis',13),(14,'libero',14),(15,'odio',15),(16,'repellat',16),(17,'aut',17),(18,'qui',18),(19,'aspernatur',19),(20,'sint',20),(21,'sit',21),(22,'incidunt',22),(23,'quia',23),(24,'qui',24),(25,'quo',25),(26,'enim',26),(27,'expedita',27),(28,'quia',28),(29,'magni',29),(30,'iure',30),(31,'deserunt',31),(32,'dolor',32),(33,'est',33),(34,'unde',34),(35,'repellendus',35),(36,'aut',36),(37,'iusto',37),(38,'aspernatur',38),(39,'harum',39),(40,'ipsam',40),(41,'quibusdam',41),(42,'consequatur',42),(43,'eos',43),(44,'qui',44),(45,'non',45),(46,'qui',46),(47,'explicabo',47),(48,'quibusdam',48),(49,'voluptatem',49),(50,'necessitatibus',50),(51,'officiis',51),(52,'sunt',52),(53,'ea',53),(54,'debitis',54),(55,'rerum',55),(56,'id',56),(57,'et',57),(58,'quia',58),(59,'corrupti',59),(60,'minima',60),(61,'facilis',61),(62,'est',62),(63,'suscipit',63),(64,'commodi',64),(65,'neque',65),(66,'neque',66),(67,'eum',67),(68,'quis',68),(69,'impedit',69),(70,'molestiae',70),(71,'aspernatur',71),(72,'autem',72),(73,'pariatur',73),(74,'est',74),(75,'eligendi',75),(76,'corrupti',76),(77,'voluptatibus',77),(78,'enim',78),(79,'sequi',79),(80,'doloremque',80),(81,'quis',81),(82,'quam',82),(83,'iste',83),(84,'alias',84),(85,'enim',85),(86,'iure',86),(87,'ut',87),(88,'distinctio',88),(89,'atque',89),(90,'nulla',90),(91,'perspiciatis',91),(92,'sequi',92),(93,'sunt',93),(94,'aperiam',94),(95,'voluptatem',95),(96,'et',96),(97,'iusto',97),(98,'ut',98),(99,'dignissimos',99),(100,'asperiores',100);
/*!40000 ALTER TABLE `photo_albums` ENABLE KEYS */;
UNLOCK TABLES;

--
-- Table structure for table `photos`
--

DROP TABLE IF EXISTS `photos`;
/*!40101 SET @saved_cs_client     = @@character_set_client */;
/*!40101 SET character_set_client = utf8 */;
CREATE TABLE `photos` (
  `id` bigint(20) unsigned NOT NULL AUTO_INCREMENT,
  `album_id` bigint(20) unsigned DEFAULT NULL,
  `media_id` bigint(20) unsigned NOT NULL,
  UNIQUE KEY `id` (`id`),
  KEY `album_id` (`album_id`),
  KEY `media_id` (`media_id`),
  CONSTRAINT `photos_ibfk_1` FOREIGN KEY (`album_id`) REFERENCES `photo_albums` (`id`),
  CONSTRAINT `photos_ibfk_2` FOREIGN KEY (`media_id`) REFERENCES `media` (`id`)
) ENGINE=InnoDB AUTO_INCREMENT=101 DEFAULT CHARSET=utf8mb4 COLLATE=utf8mb4_unicode_ci;
/*!40101 SET character_set_client = @saved_cs_client */;

--
-- Dumping data for table `photos`
--

LOCK TABLES `photos` WRITE;
/*!40000 ALTER TABLE `photos` DISABLE KEYS */;
INSERT INTO `photos` VALUES (1,1,1),(2,2,2),(3,3,3),(4,4,4),(5,5,5),(6,6,6),(7,7,7),(8,8,8),(9,9,9),(10,10,10),(11,11,11),(12,12,12),(13,13,13),(14,14,14),(15,15,15),(16,16,16),(17,17,17),(18,18,18),(19,19,19),(20,20,20),(21,21,21),(22,22,22),(23,23,23),(24,24,24),(25,25,25),(26,26,26),(27,27,27),(28,28,28),(29,29,29),(30,30,30),(31,31,31),(32,32,32),(33,33,33),(34,34,34),(35,35,35),(36,36,36),(37,37,37),(38,38,38),(39,39,39),(40,40,40),(41,41,41),(42,42,42),(43,43,43),(44,44,44),(45,45,45),(46,46,46),(47,47,47),(48,48,48),(49,49,49),(50,50,50),(51,51,51),(52,52,52),(53,53,53),(54,54,54),(55,55,55),(56,56,56),(57,57,57),(58,58,58),(59,59,59),(60,60,60),(61,61,61),(62,62,62),(63,63,63),(64,64,64),(65,65,65),(66,66,66),(67,67,67),(68,68,68),(69,69,69),(70,70,70),(71,71,71),(72,72,72),(73,73,73),(74,74,74),(75,75,75),(76,76,76),(77,77,77),(78,78,78),(79,79,79),(80,80,80),(81,81,81),(82,82,82),(83,83,83),(84,84,84),(85,85,85),(86,86,86),(87,87,87),(88,88,88),(89,89,89),(90,90,90),(91,91,91),(92,92,92),(93,93,93),(94,94,94),(95,95,95),(96,96,96),(97,97,97),(98,98,98),(99,99,99),(100,100,100);
/*!40000 ALTER TABLE `photos` ENABLE KEYS */;
UNLOCK TABLES;

--
-- Table structure for table `profiles`
--

DROP TABLE IF EXISTS `profiles`;
/*!40101 SET @saved_cs_client     = @@character_set_client */;
/*!40101 SET character_set_client = utf8 */;
CREATE TABLE `profiles` (
  `user_id` bigint(20) unsigned NOT NULL,
  `gender` char(1) COLLATE utf8mb4_unicode_ci DEFAULT NULL,
  `birthday` date DEFAULT NULL,
  `photo_id` bigint(20) unsigned DEFAULT NULL,
  `created_at` datetime DEFAULT current_timestamp(),
  `hometown` varchar(100) COLLATE utf8mb4_unicode_ci DEFAULT NULL,
  UNIQUE KEY `user_id` (`user_id`),
  CONSTRAINT `fk_user_id` FOREIGN KEY (`user_id`) REFERENCES `users` (`id`) ON DELETE NO ACTION ON UPDATE CASCADE
) ENGINE=InnoDB DEFAULT CHARSET=utf8mb4 COLLATE=utf8mb4_unicode_ci;
/*!40101 SET character_set_client = @saved_cs_client */;

--
-- Dumping data for table `profiles`
--

LOCK TABLES `profiles` WRITE;
/*!40000 ALTER TABLE `profiles` DISABLE KEYS */;
INSERT INTO `profiles` VALUES (1,'M','2012-11-06',1,'1999-04-20 05:04:59',NULL),(2,'M','2005-12-07',2,'1994-02-14 00:43:23',NULL),(3,'D','1973-07-09',3,'1999-12-26 22:50:57',NULL),(4,'M','1973-01-04',4,'2019-01-19 21:16:44',NULL),(5,'D','1971-10-31',5,'2013-11-06 04:23:21',NULL),(6,'M','1974-04-30',6,'1988-06-01 13:47:33',NULL),(7,'P','2017-04-04',7,'2014-11-15 20:00:01',NULL),(8,'P','1984-05-12',8,'1991-03-17 04:04:10',NULL),(9,'P','1991-06-04',9,'2021-05-13 09:26:34',NULL),(10,'P','1984-08-11',10,'1975-01-22 21:53:38',NULL),(11,'D','2011-07-06',11,'1977-12-04 10:01:07',NULL),(12,'D','2016-07-01',12,'2014-05-13 04:21:58',NULL),(13,'D','1979-07-29',13,'1992-05-28 02:31:23',NULL),(14,'D','2006-09-16',14,'1972-05-31 12:04:45',NULL),(15,'P','1974-03-05',15,'2007-02-05 07:37:05',NULL),(16,'M','1980-09-16',16,'1988-04-15 05:42:44',NULL),(17,'P','1982-03-25',17,'1999-07-09 04:55:05',NULL),(18,'M','2001-04-09',18,'1976-01-04 04:07:53',NULL),(19,'M','2013-07-19',19,'2018-04-03 06:48:29',NULL),(20,'P','1973-05-06',20,'2016-04-17 05:01:16',NULL),(21,'D','2008-09-22',21,'1977-08-06 02:19:11',NULL),(22,'P','1994-03-01',22,'1999-11-21 20:40:20',NULL),(23,'P','1989-10-10',23,'2003-12-22 19:10:17',NULL),(24,'M','1993-08-01',24,'1975-12-31 17:38:41',NULL),(25,'M','2012-03-23',25,'1995-06-04 04:16:45',NULL),(26,'M','1988-06-23',26,'1993-10-03 09:59:17',NULL),(27,'D','1988-02-11',27,'1975-03-19 12:30:22',NULL),(28,'M','2005-08-30',28,'1997-04-11 15:00:32',NULL),(29,'M','2013-12-27',29,'1996-05-03 00:28:31',NULL),(30,'M','2005-04-11',30,'2002-10-22 15:38:34',NULL),(31,'P','1977-08-03',31,'2012-03-07 14:51:35',NULL),(32,'M','1978-06-10',32,'2004-04-01 20:49:08',NULL),(33,'D','2011-12-05',33,'2009-11-26 03:26:34',NULL),(34,'D','1999-12-01',34,'2000-09-03 14:50:34',NULL),(35,'M','2015-04-12',35,'1988-01-19 09:38:09',NULL),(36,'M','1990-08-19',36,'1972-11-14 15:50:36',NULL),(37,'M','2009-09-29',37,'1972-03-03 22:07:50',NULL),(38,'D','1970-07-16',38,'2016-03-29 21:55:48',NULL),(39,'M','2013-06-07',39,'1993-12-18 22:46:26',NULL),(40,'D','2004-02-15',40,'1994-04-04 01:54:45',NULL),(41,'D','1987-02-17',41,'1972-10-09 20:56:43',NULL),(42,'P','2017-02-07',42,'2014-09-08 11:45:50',NULL),(43,'M','1972-09-29',43,'1974-10-03 07:29:18',NULL),(44,'D','1999-02-05',44,'1994-10-24 07:11:55',NULL),(45,'D','1985-01-26',45,'1984-12-21 04:14:32',NULL),(46,'M','1970-11-21',46,'2012-03-22 01:01:15',NULL),(47,'P','2010-11-26',47,'1980-06-13 04:18:58',NULL),(48,'P','2015-05-21',48,'2009-10-25 23:03:53',NULL),(49,'P','1988-11-29',49,'1986-04-02 11:30:39',NULL),(50,'P','2020-02-20',50,'1985-11-17 10:31:20',NULL),(51,'P','1977-02-03',51,'2000-11-13 22:17:21',NULL),(52,'M','2009-04-30',52,'2001-06-16 16:40:38',NULL),(53,'P','2000-08-25',53,'2019-09-25 23:59:15',NULL),(54,'P','2004-10-27',54,'2008-04-28 04:06:23',NULL),(55,'D','1974-01-29',55,'1980-11-17 00:39:54',NULL),(56,'D','1984-01-21',56,'2009-09-05 07:06:30',NULL),(57,'P','1994-09-18',57,'2020-05-18 06:48:13',NULL),(58,'D','2020-12-13',58,'1995-12-11 17:41:00',NULL),(59,'M','1984-08-12',59,'1995-05-05 01:31:35',NULL),(60,'M','1971-05-03',60,'2018-10-13 09:34:54',NULL),(61,'M','1983-09-10',61,'2001-05-03 22:11:15',NULL),(62,'D','1996-07-04',62,'2007-06-27 07:35:11',NULL),(63,'M','2005-10-11',63,'1995-11-18 12:57:04',NULL),(64,'M','1990-10-11',64,'1994-10-22 07:47:51',NULL),(65,'D','2002-07-25',65,'2018-12-21 11:40:13',NULL),(66,'P','1991-01-14',66,'1976-04-27 04:36:27',NULL),(67,'M','1984-06-22',67,'1997-10-10 17:10:05',NULL),(68,'M','1976-01-19',68,'2014-02-26 02:34:02',NULL),(69,'M','1978-05-14',69,'1980-09-22 18:15:26',NULL),(70,'M','1970-10-27',70,'2018-10-03 08:48:43',NULL),(71,'D','2003-03-19',71,'1998-11-30 07:49:12',NULL),(72,'P','2018-03-09',72,'1970-06-13 18:35:46',NULL),(73,'M','2007-04-11',73,'1992-10-24 06:32:11',NULL),(74,'M','1979-12-23',74,'1992-08-02 10:52:31',NULL),(75,'M','1975-10-17',75,'2009-10-09 17:34:33',NULL),(76,'M','1987-12-02',76,'2013-11-12 05:16:34',NULL),(77,'P','1974-01-12',77,'2010-10-26 09:34:33',NULL),(78,'D','1994-04-01',78,'1990-11-06 20:54:21',NULL),(79,'M','1989-11-27',79,'1971-05-11 22:26:48',NULL),(80,'M','1994-05-21',80,'2018-09-07 11:15:07',NULL),(81,'M','1981-09-14',81,'2006-08-14 16:57:55',NULL),(82,'D','2010-03-09',82,'1997-12-06 06:00:41',NULL),(83,'M','1992-05-21',83,'2006-10-23 08:53:16',NULL),(84,'D','1997-03-07',84,'1985-05-27 07:11:50',NULL),(85,'D','2018-10-26',85,'2010-05-10 15:33:28',NULL),(86,'M','1988-12-24',86,'1992-08-21 21:37:06',NULL),(87,'P','1975-09-27',87,'1984-10-18 19:23:24',NULL),(88,'P','2021-04-23',88,'1985-09-13 13:43:46',NULL),(89,'M','1998-04-05',89,'1984-09-16 22:08:38',NULL),(90,'D','1999-11-07',90,'2002-10-09 05:17:37',NULL),(91,'P','1992-10-09',91,'1993-09-09 10:00:05',NULL),(92,'P','2014-07-31',92,'2009-05-05 01:22:14',NULL),(93,'M','1971-08-24',93,'1986-12-15 03:43:58',NULL),(94,'M','1996-06-23',94,'1994-03-05 22:01:20',NULL),(95,'D','2006-01-26',95,'1988-12-06 02:46:49',NULL),(96,'P','1979-07-15',96,'1994-02-18 16:11:17',NULL),(97,'P','2001-03-27',97,'1983-05-09 02:51:37',NULL),(98,'D','1978-06-27',98,'2003-05-05 03:27:07',NULL),(99,'M','1980-04-27',99,'1982-07-25 13:54:38',NULL),(100,'D','1973-02-05',100,'1970-07-03 02:34:24',NULL);
/*!40000 ALTER TABLE `profiles` ENABLE KEYS */;
UNLOCK TABLES;

--
-- Table structure for table `users`
--

DROP TABLE IF EXISTS `users`;
/*!40101 SET @saved_cs_client     = @@character_set_client */;
/*!40101 SET character_set_client = utf8 */;
CREATE TABLE `users` (
  `id` bigint(20) unsigned NOT NULL AUTO_INCREMENT,
  `firstname` varchar(50) COLLATE utf8mb4_unicode_ci DEFAULT NULL,
  `lastname` varchar(50) COLLATE utf8mb4_unicode_ci DEFAULT NULL COMMENT 'Фамиль',
  `email` varchar(120) COLLATE utf8mb4_unicode_ci DEFAULT NULL,
  `password_hash` varchar(100) COLLATE utf8mb4_unicode_ci DEFAULT NULL,
  `phone` bigint(20) unsigned DEFAULT NULL,
  PRIMARY KEY (`id`),
  UNIQUE KEY `email` (`email`),
  UNIQUE KEY `phone` (`phone`),
  KEY `users_firstname_lastname_idx` (`firstname`,`lastname`)
) ENGINE=InnoDB AUTO_INCREMENT=101 DEFAULT CHARSET=utf8mb4 COLLATE=utf8mb4_unicode_ci COMMENT='юзеры';
/*!40101 SET character_set_client = @saved_cs_client */;

--
-- Dumping data for table `users`
--

LOCK TABLES `users` WRITE;
/*!40000 ALTER TABLE `users` DISABLE KEYS */;
INSERT INTO `users` VALUES (1,'Jamison','Nikolaus','ckassulke@example.org','a6695335f21fcbacc04f3d7bb7857beba7715128',89322032719),(2,'Tianna','Kohler','beulah.baumbach@example.net','a11c1873e9a78bc1e5f8fd3cced651dae619dc66',89971085308),(3,'Orion','Abernathy','terry.trycia@example.com','88d7c474af60921dc4576afbf3a1f1d724aa6429',89656617082),(4,'Bethel','Gutkowski','jaydon70@example.com','f341c7a6f527ca951c175f6c2928b5c82651c52f',89686351093),(5,'Herbert','D\'Amore','langworth.lucile@example.net','e1a2ad65b4ca4b385e9d70c7e298f3136a55ec28',89221535649),(6,'Adela','Windler','golden.johns@example.com','233b500063ba74257eccb95b10dd0089288ba0dd',89817338062),(7,'Alfreda','Jakubowski','jack.bashirian@example.com','2f46680a682d136ff3f5f67d43dd14a39475cd44',89891791702),(8,'Valentin','Wisozk','kfriesen@example.net','b19a1a1cd5bfd62ab660583d1feb5bd74a675c2d',89313069993),(9,'Karson','Gleichner','albina40@example.org','415a49f17e86c85a0e208bf1afe1566f52010362',89747414726),(10,'Noemy','Waters','turcotte.rosalinda@example.com','8049e9ae177f872af4febe85f14fcfb7ebc5baa1',89973276807),(11,'Camila','Schuster','carli50@example.net','901e3ef34e92cfee1a60b5ba0ac07b63fc32de35',89059266239),(12,'Shemar','Labadie','hans.block@example.org','a5cd581bfe1de3678747d9d2e5267491d53e478d',89513854486),(13,'Isaiah','Walker','meda02@example.org','885befdf8fd9e94b5e2f5ea4d6fa24d338071cb4',89876949079),(14,'Noel','Skiles','nhammes@example.net','ed44207d8525ed3cabbeff9967360edd85f5efa2',89957617191),(15,'Bernie','Thiel','co\'conner@example.com','c5461e970cf2370a4017f833f5be5f00f3856aa1',89104725414),(16,'Hilton','Nolan','verla.considine@example.org','c261198a4fd08e6af2b76c2a0af5f3a38e7ac164',89017380444),(17,'Candido','Hirthe','ryley.russel@example.net','ea6b86c8127e94c13da07ee65256036c7d7531c8',89209472366),(18,'Gaston','Douglas','jimmy55@example.net','0642c0da20686fa1e0d0bf438bd8ac1012c4cfb1',89548123626),(19,'Ayla','Stokes','neichmann@example.org','e602858823f0bc104750edb32332982c8d3d6167',89194503181),(20,'Cletus','Klein','fbogisich@example.net','b92c405909a54308d67d692c1676c6b9b0b4368d',89843547334),(21,'Imogene','Ankunding','hayes.erna@example.net','bfd6b6325f13e86489f527acbb157d240c387476',89073477654),(22,'Dallas','Schiller','chadrick.orn@example.org','f8fcc2224a3429b3709ee729811c9a9bd48e3a9c',89749658605),(23,'Tre','Hyatt','miguel33@example.com','0f5e9b52c2313f72b795a7de99446519d83cde77',89682369281),(24,'Kelsi','Bruen','selina63@example.com','e3a389cdbd9cebb4c8dfe29c3b84ad0e6ac31461',89632928600),(25,'Esta','Reichert','carter.lilla@example.org','e0e2a6a80d330a1c92599b5298fdebb7ebf144a0',89361426461),(26,'Jarrett','Towne','jordan.harber@example.net','19725b0370d0cd2824f345ca62433f75dc1d9146',89934831809),(27,'Micah','Gerlach','pvonrueden@example.net','73da0b6a3e3e2b000b9516cafa6fd28d251b7d65',89619503580),(28,'Dereck','DuBuque','marcelle37@example.org','18e95b3649649b048b3170644b1b4e59a1dd7066',89556625405),(29,'Ocie','Murray','schowalter.carlie@example.com','540b2da2a75da8c4c2370672a60647645b5377e2',89702125078),(30,'Lisa','Shanahan','ervin04@example.net','37d6d4aa02b40d1820cd0df8d961d73c486c40f6',89405361358),(31,'Arvilla','Satterfield','flittle@example.org','784f2b83e951335f40f37c993b815c0f5c61e3c5',89749943017),(32,'Judy','Parker','abigale19@example.net','b3c01957028ab204e0d63f3fdee4b40da21189e8',89403334559),(33,'Adela','Mann','xlarson@example.org','1936642e570c0f7f0e726b619aafe45a314ee6d9',89338723728),(34,'Nannie','Raynor','no\'connell@example.net','74f5bfdbf8a6d3aa00e331e040befdca1de37b38',89765577331),(35,'Caterina','Schoen','wendy.corwin@example.net','b865a02efdf05a2df5e8dcbad7e57f84e1817ca7',89275539394),(36,'Eliza','Oberbrunner','liza89@example.com','5b698da18adca87722acd70bc6ac9536e2528b7f',89653063536),(37,'Santino','Schmidt','shanel.ratke@example.com','12388b05ccce6159678b777034c66344a04d7227',89718189132),(38,'Jalen','Fahey','era.mayer@example.com','7bc6a4bb5360962d5e9f71759bdd66f9002579ee',89071948933),(39,'Annabelle','Brakus','zbrown@example.net','8396b3a2f0f9338218d79f172a2af5c93dc000f7',89922196005),(40,'Lafayette','Bednar','polly95@example.com','765ec94ea678c57154527a93643d51c28dbae9f5',89396227162),(41,'Rhiannon','Hyatt','isaac.rohan@example.com','bbc6785f773814005848c9a5c550fc6c74ff132c',89030869428),(42,'Lesly','Feil','omer.nader@example.org','f1ac9df1333f8cd43d1dda5d5029903f1ec31f33',89914077572),(43,'Candido','Reichert','vbednar@example.net','7814072945f30ed378b871ecffa4ce6a3a44ce7a',89144110722),(44,'Franz','Wuckert','ambrose.rodriguez@example.com','5b115bcee40d6aa869893fc98365bbfa1445ef7e',89315948520),(45,'Bill','Lang','heidenreich.mathew@example.org','1d6cdc6e4019c302d48998d36ceacfd497184030',89776578125),(46,'Oceane','Bogisich','diana47@example.com','cd982f29ca4df15d0c911729a0291222afa9521e',89332994332),(47,'Laura','Murphy','chessel@example.com','ead417db07c006d32ab94573e02a54b60080f0aa',89838990125),(48,'Lola','Bins','marisol.mosciski@example.com','6399447ecec4877a656fdb2a8c79fa5498e83cd2',89981035899),(49,'Dusty','Waelchi','mitchell.alphonso@example.org','7927bae2f143b58e06cf0b0555b29e21679f1608',89392333429),(50,'Odell','Witting','hpouros@example.net','d7d73ed548b319953abbb7881c5e28b2e2dced10',89618517891),(51,'Maribel','Kuhn','phaley@example.net','46d9d23ad0d074a01163174ae959e9f3cd1d963f',89222107421),(52,'Rowena','Mertz','treinger@example.org','bbe1e901d0955afd51741d83bc41a692596f5371',89608624646),(53,'Zechariah','Hane','jillian50@example.com','731a9b3b05908f154243bab99e936ad272df098e',89848792449),(54,'Stella','D\'Amore','dino.jenkins@example.com','2d36bd6e6410b7d69481b83cfcd7ed17efdb364e',89323872255),(55,'Freddy','Pfeffer','seamus21@example.com','5ed4df32af0cdbef4ae31c0277a6b0822e12f2bf',89377855153),(56,'Cary','Corkery','merlin.leuschke@example.com','d9b729c3a275bf9e48a1002ced37c2b573c7bf34',89640432277),(57,'Ethel','Gorczany','lela.lindgren@example.net','951941fdb87b495ca0b6cb7f1aa41c00b967c9fc',89878201222),(58,'Verlie','Rau','travis01@example.com','5bc2982ab7638a2693f9846040734ba341cb2c6b',89415935592),(59,'Janet','Donnelly','ivah12@example.org','910e43a65c87c06584c8141a3a47bf83c1f2b8be',89911126282),(60,'Pink','Beer','renner.otis@example.net','1ecbed3027efc40452856bf688c14fb2394b1425',89707398430),(61,'Jonathon','Rolfson','isaac08@example.com','d9cbec4113f3cfc3a70c1be00bfc62e58f6f36bd',89323308033),(62,'Reginald','Bogan','lo\'hara@example.org','77018dcb45bfe940cf80caef8c04b14d0c04c26e',89784711549),(63,'Bennie','Borer','senger.leonor@example.net','0c2eee6d5cd6fd45a4ddb74d4e88c37caae4bfd9',89962525383),(64,'Minnie','Parker','neil.gulgowski@example.net','02c55d3b0d0d5714e7a5072e266010ae240d06a0',89884432993),(65,'Reba','Crooks','ngleason@example.org','34ea3d2dbdceab5e448f0e784316affb57f3621a',89714226818),(66,'Benton','Krajcik','rodolfo15@example.org','8695215d9e70014498eb899d04ff1e7ddcb94e58',89854875888),(67,'Darien','O\'Kon','cking@example.org','59b84eeff9781a68c15e635656576b2822cc637d',89822063719),(68,'Rickey','Bauch','iva42@example.net','5757a18ba0087ba14ad5bdaad19f984d92eb4db1',89191876251),(69,'Elisha','Farrell','trevion38@example.org','fcf03e2f68c9e90df13b3d9cf7172868d1a06ea4',89122770534),(70,'Kamron','Miller','javon53@example.net','49c8f3c9c09d45ae8954915e7ece62d2f4649d9e',89279468719),(71,'Lamar','McCullough','cameron.volkman@example.com','c1e9d4180173ea96736d738c34acd974239a159d',89716172556),(72,'Reva','Nicolas','rosamond22@example.com','d6d2dd6e2d9d7ec25c23e97f09440e298ecefb54',89152233551),(73,'Darian','Yost','domenico.beahan@example.org','74693cb5592f5285942f34872a1ca1a7bdfe7ff3',89843310339),(74,'Braeden','Metz','schmidt.griffin@example.com','866b1e7f77c7964c3fd4d836391fe78f6cefb551',89607186861),(75,'Gregorio','Monahan','maxie.reilly@example.net','0baa888e341343d5363a7c47463666e42a20bf33',89992494005),(76,'Angelina','Padberg','paul94@example.org','0c31f9b215a423530f3e307189eddedcc2548468',89178869269),(77,'Tavares','Upton','lolita08@example.org','6635443b4a331369d6bfbd5fad31c7dc1a249932',89940711266),(78,'Ezequiel','Beahan','dayana42@example.org','5b31ad54f37be8c16bd54d3783bead96c211ddd3',89795545023),(79,'Lilian','Anderson','norval.skiles@example.net','97253308d88f910fd7b01bc22c2080a3ec62b5ba',89234410736),(80,'Erik','Boehm','vicky.feil@example.com','1f36978cf343e23136d9a15e534b680ca53ffc1a',89307426255),(81,'Wyatt','Bartoletti','haven.abshire@example.org','5cf09d191fa2785a995929549c0a92abc642aa40',89437710162),(82,'Shanon','Auer','gabe.bednar@example.org','3e18007f138ffdee1676f91cb12e6ac87f1654ea',89845629108),(83,'Cyrus','Ward','omertz@example.com','40081d60d0d9034238af0b5cce5f9698a28ed235',89623749372),(84,'Ariane','Cormier','herman.gregorio@example.org','0e1ab658f4e75384bb537a3827f74ec21f115224',89597384787),(85,'Ismael','Crist','brycen.willms@example.org','45a23426577766d0233d4ae694f0bf259c5f9b64',89841925588),(86,'Elsa','Kovacek','madelynn.hoeger@example.org','240c9858e1bd3b5fbc85042a6f7014716e40c30b',89078154020),(87,'Amaya','Collins','vhamill@example.com','ad0568cfb3bf5fea5a805be6285e6984153c397f',89319928364),(88,'Mavis','Nitzsche','ibins@example.com','66d8e46cf7f6daccd62a6a130a1c07d328bdc019',89283429890),(89,'Kale','Grant','xtoy@example.org','b38da4269c5900731ebc0a71c076a842fe3783bf',89972732704),(90,'Virginie','Hermann','hardy59@example.com','b85f4917266bf324c8c1390a5967207368a17c54',89602333409),(91,'Prince','Bosco','annabell.waters@example.net','013eaf2de13991c8a53f06ed5dd9d5473a83b2e9',89370218363),(92,'Rhiannon','Kuhlman','ortiz.toney@example.org','ee3ea5ad8f6cd902fe6f42ada1c8eade5d0b834d',89323942499),(93,'May','Windler','margot96@example.org','73b4dd7f949862baa0b2edc8e1e467da88b1e8d9',89304392222),(94,'Mariana','Cummerata','boris.kohler@example.com','4605226b5503fac625eeba115aa32245947b48a1',89896195897),(95,'Suzanne','Morissette','cbraun@example.org','f429df5fb736e1e405376ecf0b80eab3129a3f78',89513526315),(96,'Katlyn','Leffler','ignacio.hammes@example.org','c6ec4577d8e05eb8f3dd595948d04687ab103d92',89659918397),(97,'Audra','Halvorson','leanna.botsford@example.net','34341cc58306d5681c4f9b5e6c197e722e1eb20d',89170792440),(98,'Jovani','Ebert','ho\'connell@example.org','9420c331f314a3cbaa4445770108d3a36e91b985',89054417035),(99,'Dannie','Frami','kemmer.margaretta@example.org','af3a1ff08da5be86da595b5433666a0364854321',89084644547),(100,'Monty','Stehr','nwillms@example.com','b7b662c767c75b3026283fcb48aec49b2b667fe1',89695139776);
/*!40000 ALTER TABLE `users` ENABLE KEYS */;
UNLOCK TABLES;

--
-- Table structure for table `users_communities`
--

DROP TABLE IF EXISTS `users_communities`;
/*!40101 SET @saved_cs_client     = @@character_set_client */;
/*!40101 SET character_set_client = utf8 */;
CREATE TABLE `users_communities` (
  `user_id` bigint(20) unsigned NOT NULL,
  `community_id` bigint(20) unsigned NOT NULL,
  PRIMARY KEY (`user_id`,`community_id`),
  KEY `community_id` (`community_id`),
  CONSTRAINT `users_communities_ibfk_1` FOREIGN KEY (`user_id`) REFERENCES `users` (`id`),
  CONSTRAINT `users_communities_ibfk_2` FOREIGN KEY (`community_id`) REFERENCES `communities` (`id`)
) ENGINE=InnoDB DEFAULT CHARSET=utf8mb4 COLLATE=utf8mb4_unicode_ci;
/*!40101 SET character_set_client = @saved_cs_client */;

--
-- Dumping data for table `users_communities`
--

LOCK TABLES `users_communities` WRITE;
/*!40000 ALTER TABLE `users_communities` DISABLE KEYS */;
INSERT INTO `users_communities` VALUES (1,1),(2,2),(3,3),(4,4),(5,5),(6,6),(7,7),(8,8),(9,9),(10,10),(11,11),(12,12),(13,13),(14,14),(15,15),(16,16),(17,17),(18,18),(19,19),(20,20),(21,21),(22,22),(23,23),(24,24),(25,25),(26,26),(27,27),(28,28),(29,29),(30,30),(31,31),(32,32),(33,33),(34,34),(35,35),(36,36),(37,37),(38,38),(39,39),(40,40),(41,41),(42,42),(43,43),(44,44),(45,45),(46,46),(47,47),(48,48),(49,49),(50,50),(51,51),(52,52),(53,53),(54,54),(55,55),(56,56),(57,57),(58,58),(59,59),(60,60),(61,61),(62,62),(63,63),(64,64),(65,65),(66,66),(67,67),(68,68),(69,69),(70,70),(71,71),(72,72),(73,73),(74,74),(75,75),(76,76),(77,77),(78,78),(79,79),(80,80),(81,81),(82,82),(83,83),(84,84),(85,85),(86,86),(87,87),(88,88),(89,89),(90,90),(91,91),(92,92),(93,93),(94,94),(95,95),(96,96),(97,97),(98,98),(99,99),(100,100);
/*!40000 ALTER TABLE `users_communities` ENABLE KEYS */;
UNLOCK TABLES;
/*!40103 SET TIME_ZONE=@OLD_TIME_ZONE */;

/*!40101 SET SQL_MODE=@OLD_SQL_MODE */;
/*!40014 SET FOREIGN_KEY_CHECKS=@OLD_FOREIGN_KEY_CHECKS */;
/*!40014 SET UNIQUE_CHECKS=@OLD_UNIQUE_CHECKS */;
/*!40101 SET CHARACTER_SET_CLIENT=@OLD_CHARACTER_SET_CLIENT */;
/*!40101 SET CHARACTER_SET_RESULTS=@OLD_CHARACTER_SET_RESULTS */;
/*!40101 SET COLLATION_CONNECTION=@OLD_COLLATION_CONNECTION */;
/*!40111 SET SQL_NOTES=@OLD_SQL_NOTES */;

-- Dump completed on 2021-07-31 18:30:37


# Задание 2. Написать скрипт, возвращающий список имен (только firstname) пользователей без повторений в алфавитном порядке

-- Для уникальности добавляю команду DISTINCT, а для сортировки в алфавитном порядке ОRDER BY -- 

SELECT DISTINCT firstname FROM users u ORDER BY firstname;

/* Задание 3. Написать скрипт, отмечающий несовершеннолетних пользователей как неактивных (поле is_active = false). 
 * Предварительно добавить такое поле в таблицу profiles со значением по умолчанию = true (или 1)*/

-- первоначально вставлю поле is_active. Конечно есть подозрение, что можно просто при помощи bool --
ALTER TABLE users ADD is_active VARCHAR(15) DEFAULT "true";

-- обнавляю данные при помощи двойного запроса. Правда есть сомнение по возрасту, так как отсекаю по годам --
UPDATE users SET is_active = "false" WHERE id IN (SELECT user_id FROM profiles p WHERE timestampdiff(YEAR, birthday, now()) >= 18);

# Задание 4. Написать скрипт, удаляющий сообщения «из будущего» (дата больше сегодняшней)

-- я их не нашел и по этому добавил --

INSERT INTO `messages` VALUES (101,1,1,'Eaque soluta reprehenderit necessitatibus aut. Tempora ullam voluptatem dolorem perferendis aut omnis. Aut veniam consequuntur asperiores voluptatem aliquid ipsa eos. Ea vel non ipsum libero ex.','2022-05-30 05:38:34'),
							(102,2,2,'Qui accusamus atque dolorem illo voluptatibus libero. Ut veniam quia nesciunt esse ex beatae. Saepe eaque aut ipsa non. Qui quisquam vel eum culpa tempore nostrum eos.','2021-10-09 07:18:18'),
							(103,3,3,'Omnis perferendis omnis dolorem et. Distinctio hic aliquid omnis. Et distinctio quisquam blanditiis excepturi.','2021-08-01 05:50:36');

SELECT * FROM messages m ;

-- решение прошлым способом приводило к ошибкам, нашел в инете похожее решениие - переделать запрос --

DELETE FROM messages WHERE id IN (SELECT id FROM (SELECT * FROM messages m WHERE created_at > now()) AS f);

# Задание 5. Написать название темы курсового проекта (в комментарии)

-- личный инвестиционный портфель --





































