-- Generation time: Wed, 28 Oct 2020 17:08:59 +0000
-- Host: mysql.hostinger.ro
-- DB name: u574849695_24
/*!40030 SET NAMES UTF8 */;
/*!40101 SET @OLD_CHARACTER_SET_CLIENT=@@CHARACTER_SET_CLIENT */;
/*!40101 SET @OLD_CHARACTER_SET_RESULTS=@@CHARACTER_SET_RESULTS */;
/*!40101 SET @OLD_COLLATION_CONNECTION=@@COLLATION_CONNECTION */;
/*!40103 SET @OLD_TIME_ZONE=@@TIME_ZONE */;
/*!40103 SET TIME_ZONE='+00:00' */;
/*!40014 SET @OLD_UNIQUE_CHECKS=@@UNIQUE_CHECKS, UNIQUE_CHECKS=0 */;
/*!40014 SET @OLD_FOREIGN_KEY_CHECKS=@@FOREIGN_KEY_CHECKS, FOREIGN_KEY_CHECKS=0 */;
/*!40101 SET @OLD_SQL_MODE=@@SQL_MODE, SQL_MODE='NO_AUTO_VALUE_ON_ZERO' */;
/*!40111 SET @OLD_SQL_NOTES=@@SQL_NOTES, SQL_NOTES=0 */;

DROP TABLE IF EXISTS `communities`;
CREATE TABLE `communities` (
  `id` bigint(20) unsigned NOT NULL AUTO_INCREMENT,
  `name` varchar(150) COLLATE utf8_unicode_ci DEFAULT NULL,
  `admin_user_id` bigint(20) unsigned NOT NULL,
  UNIQUE KEY `id` (`id`),
  KEY `communities_name_idx` (`name`),
  KEY `admin_user_id` (`admin_user_id`),
  CONSTRAINT `communities_ibfk_1` FOREIGN KEY (`admin_user_id`) REFERENCES `users` (`id`)
) ENGINE=InnoDB AUTO_INCREMENT=101 DEFAULT CHARSET=utf8 COLLATE=utf8_unicode_ci;

INSERT INTO `communities` VALUES ('1','sint','1'),
('2','vel','2'),
('3','nesciunt','3'),
('4','fuga','4'),
('5','illo','5'),
('6','non','6'),
('7','reiciendis','7'),
('8','molestiae','8'),
('9','sint','9'),
('10','distinctio','10'),
('11','ea','11'),
('12','nulla','12'),
('13','enim','13'),
('14','non','14'),
('15','consequatur','15'),
('16','dolor','16'),
('17','possimus','17'),
('18','dolor','18'),
('19','mollitia','19'),
('20','ea','20'),
('21','velit','21'),
('22','vitae','22'),
('23','voluptatem','23'),
('24','est','24'),
('25','necessitatibus','25'),
('26','veritatis','26'),
('27','quas','27'),
('28','et','28'),
('29','praesentium','29'),
('30','corrupti','30'),
('31','nobis','31'),
('32','eos','32'),
('33','vel','33'),
('34','consequatur','34'),
('35','voluptas','35'),
('36','illo','36'),
('37','omnis','37'),
('38','similique','38'),
('39','accusantium','39'),
('40','minus','40'),
('41','necessitatibus','41'),
('42','aspernatur','42'),
('43','dignissimos','43'),
('44','iusto','44'),
('45','corrupti','45'),
('46','consectetur','46'),
('47','quod','47'),
('48','doloribus','48'),
('49','adipisci','49'),
('50','eligendi','50'),
('51','id','51'),
('52','quas','52'),
('53','similique','53'),
('54','velit','54'),
('55','dignissimos','55'),
('56','molestias','56'),
('57','aspernatur','57'),
('58','aut','58'),
('59','ut','59'),
('60','est','60'),
('61','sunt','61'),
('62','quos','62'),
('63','laudantium','63'),
('64','voluptatem','64'),
('65','rerum','65'),
('66','odit','66'),
('67','nisi','67'),
('68','quos','68'),
('69','est','69'),
('70','ducimus','70'),
('71','nemo','71'),
('72','non','72'),
('73','amet','73'),
('74','neque','74'),
('75','temporibus','75'),
('76','nulla','76'),
('77','possimus','77'),
('78','repudiandae','78'),
('79','et','79'),
('80','consequuntur','80'),
('81','fugit','81'),
('82','quia','82'),
('83','iste','83'),
('84','sint','84'),
('85','qui','85'),
('86','aliquam','86'),
('87','voluptatem','87'),
('88','culpa','88'),
('89','libero','89'),
('90','ab','90'),
('91','vel','91'),
('92','libero','92'),
('93','itaque','93'),
('94','impedit','94'),
('95','dolores','95'),
('96','aspernatur','96'),
('97','ut','97'),
('98','quia','98'),
('99','omnis','99'),
('100','voluptatum','100'); 


DROP TABLE IF EXISTS `friend_requests`;
CREATE TABLE `friend_requests` (
  `initiator_user_id` bigint(20) unsigned NOT NULL,
  `target_user_id` bigint(20) unsigned NOT NULL,
  `status` enum('requested','approved','unfriended','declined') COLLATE utf8_unicode_ci DEFAULT NULL,
  `requested_at` datetime DEFAULT current_timestamp(),
  `updated_at` datetime DEFAULT NULL ON UPDATE current_timestamp(),
  PRIMARY KEY (`initiator_user_id`,`target_user_id`),
  KEY `target_user_id` (`target_user_id`),
  CONSTRAINT `friend_requests_ibfk_1` FOREIGN KEY (`initiator_user_id`) REFERENCES `users` (`id`),
  CONSTRAINT `friend_requests_ibfk_2` FOREIGN KEY (`target_user_id`) REFERENCES `users` (`id`)
) ENGINE=InnoDB DEFAULT CHARSET=utf8 COLLATE=utf8_unicode_ci;

INSERT INTO `friend_requests` VALUES ('1','1','requested','1986-04-20 17:01:49','1998-02-23 02:50:02'),
('2','2','declined','1999-10-21 19:09:48','1995-06-01 12:45:33'),
('3','3','requested','1988-09-10 19:37:10','1995-11-02 02:18:28'),
('4','4','declined','2002-08-09 13:11:34','2001-08-17 11:58:56'),
('5','5','unfriended','2010-11-22 08:19:31','2018-02-14 06:25:03'),
('6','6','declined','2003-11-12 04:37:05','1985-03-31 17:13:11'),
('7','7','unfriended','2020-04-30 18:50:29','2013-12-18 12:44:58'),
('8','8','requested','2008-07-23 22:58:22','1989-08-26 17:25:16'),
('9','9','approved','1988-09-11 02:04:43','2018-05-08 16:41:15'),
('10','10','requested','1995-02-07 13:17:08','1987-08-24 13:45:43'),
('11','11','requested','2018-04-03 01:26:05','1978-11-06 04:06:52'),
('12','12','unfriended','1997-07-11 15:04:50','2001-02-28 07:05:32'),
('13','13','approved','1974-02-28 10:08:27','2020-02-17 21:54:48'),
('14','14','unfriended','1983-02-24 19:50:35','2013-03-07 13:27:48'),
('15','15','declined','1974-10-24 21:31:12','1970-04-08 04:39:56'),
('16','16','approved','2008-11-17 13:09:34','1987-02-02 05:34:33'),
('17','17','unfriended','1984-08-29 15:59:49','1998-11-27 00:22:55'),
('18','18','requested','2014-08-20 22:27:13','2015-03-06 16:35:22'),
('19','19','requested','1989-12-16 19:38:39','2018-06-21 00:49:33'),
('20','20','unfriended','1974-01-13 20:41:35','1979-05-24 08:43:32'),
('21','21','unfriended','2014-11-17 17:18:52','2016-12-27 18:14:32'),
('22','22','requested','2003-06-08 01:07:18','2003-11-06 23:43:46'),
('23','23','requested','1973-09-11 07:53:34','1987-02-25 07:14:50'),
('24','24','approved','1986-05-08 21:43:31','2016-11-01 05:53:05'),
('25','25','requested','2007-07-06 17:35:56','1989-12-07 19:59:47'),
('26','26','requested','2019-11-11 21:23:51','1995-07-28 21:11:24'),
('27','27','approved','2019-10-22 22:20:55','1998-10-20 13:03:25'),
('28','28','requested','1977-06-22 08:48:12','1993-02-06 20:33:35'),
('29','29','declined','2013-11-26 22:50:20','2018-07-30 12:38:15'),
('30','30','unfriended','1982-02-06 17:50:29','1983-05-22 18:11:47'),
('31','31','approved','2001-09-08 13:29:13','1988-02-22 23:59:17'),
('32','32','declined','2016-10-25 16:50:51','1994-10-29 18:55:31'),
('33','33','requested','2005-02-26 01:32:35','1998-03-17 11:37:23'),
('34','34','approved','2009-08-23 12:06:52','1973-12-23 10:00:27'),
('35','35','approved','2011-07-27 22:54:06','1994-01-26 04:41:52'),
('36','36','approved','1970-10-21 05:00:23','1978-01-23 11:23:52'),
('37','37','declined','1995-02-03 03:23:30','2010-04-26 04:59:33'),
('38','38','declined','1994-08-23 10:01:42','1987-10-12 18:07:10'),
('39','39','requested','1986-01-08 04:55:38','2006-12-22 15:11:40'),
('40','40','requested','2018-04-07 01:53:59','1999-07-18 21:15:18'),
('41','41','declined','2005-03-11 20:02:13','1988-06-19 20:06:08'),
('42','42','approved','2004-05-23 16:24:55','1975-08-10 06:08:19'),
('43','43','declined','2003-04-18 11:33:22','1990-12-08 07:38:08'),
('44','44','requested','1990-06-06 06:31:16','2004-02-29 19:08:36'),
('45','45','approved','2014-11-14 03:16:10','1971-01-14 08:35:33'),
('46','46','approved','2001-07-08 13:15:12','2014-10-22 01:06:36'),
('47','47','approved','2016-02-26 08:59:12','1996-05-22 11:43:06'),
('48','48','requested','2017-12-10 16:49:19','2013-02-02 06:04:41'),
('49','49','unfriended','2008-01-14 14:04:17','1974-05-10 05:47:23'),
('50','50','declined','1980-11-20 19:14:49','2000-11-18 19:19:58'),
('51','51','declined','2012-12-18 12:45:27','2016-01-12 19:05:27'),
('52','52','declined','2014-02-25 21:29:20','1988-09-27 09:44:47'),
('53','53','approved','1980-01-05 13:23:28','1991-01-13 12:36:04'),
('54','54','unfriended','2007-05-18 21:20:21','1985-08-17 20:47:01'),
('55','55','unfriended','1977-02-09 18:11:37','1976-05-06 21:30:13'),
('56','56','requested','1972-03-10 12:10:42','2014-12-03 00:19:28'),
('57','57','declined','1977-10-13 02:42:04','1976-11-01 11:44:36'),
('58','58','requested','2008-01-23 13:01:10','2003-05-19 00:33:52'),
('59','59','declined','1977-03-08 00:07:35','1997-05-21 19:31:52'),
('60','60','requested','1996-09-02 06:57:51','1987-10-24 05:23:35'),
('61','61','declined','1984-08-02 23:00:56','1979-02-02 11:14:46'),
('62','62','approved','2006-03-26 12:52:20','2011-06-09 11:40:59'),
('63','63','declined','1993-10-05 09:41:54','2019-01-12 09:14:22'),
('64','64','approved','2019-07-12 12:20:32','1977-05-29 08:42:50'),
('65','65','declined','1996-05-31 22:10:09','1996-11-12 17:34:24'),
('66','66','unfriended','2017-01-09 21:38:06','2000-11-21 22:51:19'),
('67','67','approved','1996-06-13 19:40:54','1979-01-19 12:23:44'),
('68','68','unfriended','2002-07-17 09:14:39','1997-12-15 02:30:34'),
('69','69','approved','1971-01-21 04:02:27','2007-01-23 17:48:46'),
('70','70','requested','1982-06-30 13:47:28','1995-10-29 06:03:24'),
('71','71','approved','2019-01-08 00:52:46','2001-10-18 12:41:14'),
('72','72','requested','2000-11-30 10:33:41','2010-07-24 04:48:51'),
('73','73','unfriended','1978-02-11 13:54:41','1982-08-01 22:10:05'),
('74','74','unfriended','1999-01-30 12:56:13','1976-10-26 19:38:08'),
('75','75','unfriended','1996-10-05 23:59:05','1978-09-25 04:38:48'),
('76','76','declined','1980-12-15 05:02:06','2005-11-21 18:55:10'),
('77','77','unfriended','2012-11-07 07:57:17','1978-04-14 02:18:08'),
('78','78','declined','2012-11-10 18:49:09','1994-11-17 08:16:20'),
('79','79','unfriended','1985-06-18 07:23:04','1989-01-16 14:10:08'),
('80','80','requested','2015-07-05 20:07:11','1974-04-25 23:06:52'),
('81','81','requested','1978-02-01 02:54:04','1987-11-09 05:47:25'),
('82','82','declined','2011-09-28 05:04:39','2013-02-02 02:21:40'),
('83','83','unfriended','2007-06-12 08:11:17','1983-12-26 17:41:20'),
('84','84','declined','1996-07-23 04:13:51','2001-10-19 01:04:52'),
('85','85','approved','2009-01-10 23:12:40','1976-04-17 18:21:53'),
('86','86','approved','1974-07-17 02:49:27','2011-11-19 19:48:08'),
('87','87','declined','2000-09-13 16:21:16','2008-07-13 15:11:55'),
('88','88','unfriended','1995-02-15 23:54:17','1998-01-25 18:47:03'),
('89','89','declined','2003-03-28 01:44:55','1971-05-31 02:02:39'),
('90','90','requested','2000-03-20 20:38:47','2005-06-10 12:32:02'),
('91','91','approved','1974-08-18 07:03:20','2006-10-19 18:04:16'),
('92','92','approved','1989-07-15 13:51:06','1979-10-15 03:16:03'),
('93','93','approved','2012-07-16 00:08:54','1975-10-26 15:46:43'),
('94','94','requested','2006-07-07 16:31:22','2015-11-03 06:30:48'),
('95','95','unfriended','1986-11-15 12:20:46','1987-12-29 01:25:10'),
('96','96','declined','1998-03-05 21:43:18','1977-10-13 07:55:27'),
('97','97','declined','1972-06-25 16:37:20','1997-11-24 02:44:24'),
('98','98','requested','1994-01-24 20:38:25','2004-10-12 23:11:20'),
('99','99','unfriended','2012-06-10 12:37:33','1975-08-18 19:08:55'),
('100','100','declined','2012-05-05 00:50:41','2017-03-18 17:23:54'); 


DROP TABLE IF EXISTS `likes`;
CREATE TABLE `likes` (
  `id` bigint(20) unsigned NOT NULL AUTO_INCREMENT,
  `user_id` bigint(20) unsigned NOT NULL,
  `media_id` bigint(20) unsigned NOT NULL,
  `created_at` datetime DEFAULT current_timestamp(),
  UNIQUE KEY `id` (`id`)
) ENGINE=InnoDB AUTO_INCREMENT=101 DEFAULT CHARSET=utf8 COLLATE=utf8_unicode_ci;

INSERT INTO `likes` VALUES ('1','1','1','1970-09-25 19:54:11'),
('2','2','2','1977-07-13 14:33:35'),
('3','3','3','1988-11-15 14:07:59'),
('4','4','4','1997-12-10 15:47:27'),
('5','5','5','1975-07-08 06:14:33'),
('6','6','6','2015-09-10 06:39:40'),
('7','7','7','1986-10-21 01:20:16'),
('8','8','8','1997-05-08 01:56:36'),
('9','9','9','1973-03-12 19:39:22'),
('10','10','10','1983-08-05 21:24:24'),
('11','11','11','2019-10-24 14:27:11'),
('12','12','12','2010-06-19 09:45:53'),
('13','13','13','1990-10-09 20:52:33'),
('14','14','14','1992-08-15 09:43:05'),
('15','15','15','1984-02-12 21:13:23'),
('16','16','16','2006-07-13 23:15:47'),
('17','17','17','1979-05-04 12:22:15'),
('18','18','18','1986-02-11 14:17:08'),
('19','19','19','2012-01-26 04:19:36'),
('20','20','20','2005-10-31 14:10:46'),
('21','21','21','1984-05-21 07:42:34'),
('22','22','22','2014-09-19 18:39:58'),
('23','23','23','2010-02-03 01:07:16'),
('24','24','24','1972-05-19 06:58:34'),
('25','25','25','1992-01-30 16:35:40'),
('26','26','26','1999-02-16 05:14:50'),
('27','27','27','1988-12-11 01:18:44'),
('28','28','28','1985-10-22 09:49:09'),
('29','29','29','1998-08-20 03:44:15'),
('30','30','30','1985-01-13 07:33:52'),
('31','31','31','2017-02-15 04:50:23'),
('32','32','32','1990-12-21 04:26:10'),
('33','33','33','1974-10-22 19:13:15'),
('34','34','34','1982-02-08 10:05:04'),
('35','35','35','1971-06-23 01:45:22'),
('36','36','36','1979-05-09 18:40:59'),
('37','37','37','2008-09-19 00:08:06'),
('38','38','38','1974-03-02 12:25:54'),
('39','39','39','1977-01-11 12:30:19'),
('40','40','40','2003-05-22 20:13:54'),
('41','41','41','1987-07-28 21:32:58'),
('42','42','42','2016-12-21 09:20:40'),
('43','43','43','1992-01-30 07:21:31'),
('44','44','44','1989-12-19 16:50:22'),
('45','45','45','1993-03-16 05:51:11'),
('46','46','46','1987-10-12 19:03:09'),
('47','47','47','2018-02-09 18:45:59'),
('48','48','48','2019-03-19 02:58:53'),
('49','49','49','2019-04-26 11:03:16'),
('50','50','50','2008-07-07 12:30:46'),
('51','51','51','1999-10-14 11:52:03'),
('52','52','52','2009-05-05 13:26:39'),
('53','53','53','1975-06-27 06:40:36'),
('54','54','54','2003-09-01 22:04:29'),
('55','55','55','1984-09-03 01:36:17'),
('56','56','56','2006-05-20 11:55:46'),
('57','57','57','2000-08-17 17:19:51'),
('58','58','58','1999-04-12 18:12:14'),
('59','59','59','1994-06-15 07:20:08'),
('60','60','60','1983-09-07 04:25:33'),
('61','61','61','1971-08-21 17:54:50'),
('62','62','62','1982-09-01 22:08:56'),
('63','63','63','1985-08-08 12:00:35'),
('64','64','64','1987-07-10 10:08:07'),
('65','65','65','1991-05-11 09:38:34'),
('66','66','66','2013-04-25 02:41:42'),
('67','67','67','2012-05-30 19:29:10'),
('68','68','68','2011-10-27 17:02:57'),
('69','69','69','1984-10-17 01:04:33'),
('70','70','70','2001-02-28 06:48:17'),
('71','71','71','1979-01-20 20:37:30'),
('72','72','72','1970-02-17 06:13:23'),
('73','73','73','2015-04-30 15:52:52'),
('74','74','74','2013-01-18 01:35:00'),
('75','75','75','1981-04-20 08:04:29'),
('76','76','76','2015-12-07 01:14:14'),
('77','77','77','2020-09-06 14:29:41'),
('78','78','78','1972-01-15 15:31:27'),
('79','79','79','2015-05-18 13:02:40'),
('80','80','80','2000-06-22 14:01:49'),
('81','81','81','1990-12-06 01:58:00'),
('82','82','82','2013-02-24 16:05:40'),
('83','83','83','1970-02-11 13:28:30'),
('84','84','84','1999-06-27 18:41:15'),
('85','85','85','2015-11-17 15:30:40'),
('86','86','86','1989-08-17 01:41:12'),
('87','87','87','1984-07-24 15:44:45'),
('88','88','88','1982-08-10 13:29:12'),
('89','89','89','1994-11-11 08:27:30'),
('90','90','90','1987-09-13 08:26:46'),
('91','91','91','1998-05-31 04:10:20'),
('92','92','92','1976-07-23 03:10:58'),
('93','93','93','1970-09-17 04:20:23'),
('94','94','94','1976-06-13 14:02:14'),
('95','95','95','1991-06-25 01:19:23'),
('96','96','96','1976-09-14 10:01:12'),
('97','97','97','2000-01-25 19:51:10'),
('98','98','98','1990-09-26 06:46:20'),
('99','99','99','2019-12-16 11:35:30'),
('100','100','100','1987-07-09 20:17:57'); 


DROP TABLE IF EXISTS `media`;
CREATE TABLE `media` (
  `id` bigint(20) unsigned NOT NULL AUTO_INCREMENT,
  `media_type_id` bigint(20) unsigned NOT NULL,
  `user_id` bigint(20) unsigned NOT NULL,
  `body` text COLLATE utf8_unicode_ci DEFAULT NULL,
  `filename` varchar(255) COLLATE utf8_unicode_ci DEFAULT NULL,
  `size` int(11) DEFAULT NULL,
  `metadata` longtext CHARACTER SET utf8mb4 COLLATE utf8mb4_bin DEFAULT NULL CHECK (json_valid(`metadata`)),
  `created_at` datetime DEFAULT current_timestamp(),
  `updated_at` datetime DEFAULT NULL ON UPDATE current_timestamp(),
  UNIQUE KEY `id` (`id`),
  KEY `user_id` (`user_id`),
  KEY `media_type_id` (`media_type_id`),
  CONSTRAINT `media_ibfk_1` FOREIGN KEY (`user_id`) REFERENCES `users` (`id`),
  CONSTRAINT `media_ibfk_2` FOREIGN KEY (`media_type_id`) REFERENCES `media_types` (`id`)
) ENGINE=InnoDB AUTO_INCREMENT=101 DEFAULT CHARSET=utf8 COLLATE=utf8_unicode_ci;

INSERT INTO `media` VALUES ('1','1','1','Architecto est animi facere. Esse quas unde omnis. Corporis et velit sint deserunt.','corrupti','6401',NULL,'1987-03-12 22:24:37','1979-08-29 05:32:34'),
('2','2','2','Temporibus est dignissimos omnis. Recusandae odit facere autem molestiae quis et saepe. Laboriosam et eum iste modi facere maxime. Et non praesentium neque id aspernatur ut et.','ad','318954689',NULL,'2002-05-25 21:39:07','2007-06-06 17:44:42'),
('3','3','3','Aut iure itaque voluptate quaerat odio nisi est qui. Voluptatem quia tenetur dolores ab voluptatem et est. Fugiat vel temporibus quis.','repellat','20',NULL,'2013-06-20 01:35:36','2011-11-28 20:04:34'),
('4','4','4','Velit porro aut dolorum qui consectetur aliquid error. Nemo ea error occaecati ea modi. Voluptas impedit sequi eaque consequuntur accusantium. Facilis reprehenderit rerum ut omnis sint doloremque sunt aut. Nostrum animi sint tempora voluptate.','et','3763348',NULL,'2004-08-07 08:07:37','1985-04-14 22:19:09'),
('5','1','5','Perspiciatis eius autem placeat optio. Voluptatibus et temporibus neque placeat quo necessitatibus. Nobis aut iusto sunt officiis quae accusantium. Velit qui et non iure quia commodi soluta.','aut','9',NULL,'1992-10-10 08:36:26','1985-10-02 16:07:06'),
('6','2','6','Ab occaecati sequi quas explicabo cum laborum. Eligendi nobis sapiente minus aliquam nesciunt unde. Sed sunt expedita voluptatum iusto similique ut.','consequatur','983803906',NULL,'1989-06-30 03:25:19','1980-12-04 05:09:54'),
('7','3','7','Tenetur architecto dolorem voluptates. Blanditiis ut ut quia aliquam voluptatem. Necessitatibus et quos molestiae. Quis ad vero consequuntur occaecati fugiat assumenda sapiente.','reprehenderit','4',NULL,'1972-07-01 22:56:45','1992-06-11 20:36:49'),
('8','4','8','Sunt quia omnis cumque autem vel facilis. Autem doloremque ab ut dolores. Incidunt dolores eum ipsam dolores deserunt rerum hic. Optio voluptates molestias consequuntur aut fugit est fugiat.','odit','96',NULL,'1990-01-29 18:47:01','1991-10-28 22:56:16'),
('9','1','9','Est suscipit iure laboriosam eligendi laborum commodi. Aut fuga deserunt sit et praesentium cupiditate.','recusandae','87723',NULL,'2010-01-12 05:04:04','1986-10-02 19:57:15'),
('10','2','10','Qui facere ratione explicabo quidem. Earum enim eligendi vel magnam.','nam','913',NULL,'1986-06-10 03:28:03','1972-09-24 22:09:31'),
('11','3','11','Et excepturi ab in. Rerum et debitis et voluptatum ut ab. Dolorum illo odit omnis ea quo natus. Natus praesentium et dolorem qui. Molestiae omnis laboriosam dolore odio repellat et architecto.','qui','69979914',NULL,'1979-06-04 07:20:21','2007-05-07 01:10:56'),
('12','4','12','Laborum culpa nulla explicabo. Consequatur amet enim aliquid beatae magni. Doloremque in non consequatur accusantium voluptate pariatur.','cum','61384201',NULL,'1982-12-19 09:08:06','1993-08-10 18:19:44'),
('13','1','13','Quo et doloribus facilis cupiditate ipsum qui. Laboriosam et repellendus debitis itaque. Nesciunt et amet autem aut quia excepturi.','rerum','88881392',NULL,'1999-04-06 18:58:45','1982-12-17 00:45:11'),
('14','2','14','Aliquid quia fugiat alias dolor molestias consectetur dignissimos. Suscipit voluptate in porro quod. Tempore asperiores ab unde atque minima eligendi. Voluptatem neque provident sunt quod quis nobis.','laudantium','38424017',NULL,'1988-06-21 00:27:05','1972-07-27 10:57:03'),
('15','3','15','At ut dolores voluptatem eum beatae omnis cupiditate qui. Dolorum et culpa fugit explicabo necessitatibus. Consequuntur sed similique consequatur.','modi','0',NULL,'2004-12-13 15:58:20','2011-06-22 07:28:28'),
('16','4','16','Ipsum eum qui quia ex facilis praesentium. Suscipit aut quae culpa. Deleniti enim explicabo perspiciatis dolorem beatae odit molestiae dolores.','fuga','449469',NULL,'2002-07-03 21:19:49','1991-10-05 23:47:00'),
('17','1','17','Ducimus voluptatibus voluptas iure suscipit mollitia. Non optio quod magnam ad quia. Perspiciatis ut fugit illo quibusdam.','ratione','9',NULL,'2002-06-08 07:07:32','2008-12-20 07:12:36'),
('18','2','18','Dolore officia quos qui molestiae qui quia dolor. Qui ipsa error voluptas et. Culpa et nostrum qui corporis. Ut cumque nam laboriosam et illo dolores aliquid.','consectetur','3305',NULL,'1986-04-02 00:21:18','1978-08-10 20:36:54'),
('19','3','19','Repudiandae consequatur commodi molestiae assumenda labore. Asperiores doloribus corrupti sequi blanditiis modi. Expedita ea consequatur qui nihil dignissimos praesentium deleniti. Est ipsam et inventore quia sed similique. Nam deserunt minima magnam pariatur consectetur minus non.','dolores','50455',NULL,'2007-06-07 13:19:05','1983-07-20 14:25:22'),
('20','4','20','Magnam quis numquam sit consequatur. Vitae sint qui eveniet molestiae distinctio non fuga. Eligendi aut accusamus molestiae delectus et iste quae.','deserunt','0',NULL,'1978-11-22 12:47:16','1988-09-12 09:20:01'),
('21','1','21','Ducimus qui est consequatur qui eius. Quo voluptatibus rerum voluptates provident similique earum et. Libero culpa laboriosam occaecati a reprehenderit animi reiciendis. Vel ea fuga perspiciatis exercitationem.','sequi','672511',NULL,'1986-12-26 11:10:26','1989-09-30 11:38:58'),
('22','2','22','Deleniti mollitia rerum delectus ullam autem. Ipsa voluptatibus eveniet aut illum dolorum. Veritatis et consectetur quia id quis earum id. Corporis molestias eius dolor voluptatem nostrum ut iusto et.','ab','912508',NULL,'1989-08-31 13:17:00','2009-03-17 22:15:25'),
('23','3','23','Exercitationem libero impedit animi aut voluptas reprehenderit. Ut qui neque tempore omnis. Eius labore rerum nihil quisquam est animi. Dignissimos ea mollitia aut. Cum eligendi voluptate reprehenderit non.','delectus','985278700',NULL,'1972-04-23 09:16:14','2012-06-05 15:11:44'),
('24','4','24','Blanditiis sint recusandae nisi. Perspiciatis libero quibusdam aut vitae. Sint et perspiciatis quisquam voluptatem. Libero quia dolores labore et praesentium qui.','nihil','9549',NULL,'1997-01-01 05:16:01','2007-10-30 01:35:39'),
('25','1','25','Reprehenderit placeat ad nemo sit vel et omnis. Sed et facilis ea et omnis. Hic aliquam et ipsam.','nostrum','4543',NULL,'1988-02-01 07:28:44','1979-06-11 02:46:30'),
('26','2','26','Doloribus quo dolor dolorem et consectetur et. Fugiat perferendis omnis nemo explicabo voluptatibus ipsam. Ut perferendis et sunt adipisci fugiat consequatur recusandae. Sit occaecati ex cumque rerum quod mollitia voluptatem.','quia','1',NULL,'1975-04-03 23:05:19','2000-08-29 02:50:00'),
('27','3','27','Rerum voluptas sint consequuntur dolorem et. Vitae non ipsa omnis culpa omnis.','eligendi','0',NULL,'2010-11-05 12:33:24','1984-02-27 10:26:53'),
('28','4','28','Soluta corrupti est maiores est occaecati porro. Numquam voluptate laboriosam molestias et. Aut voluptates deserunt dolorum. Quo tempora deserunt sunt dolor deserunt aspernatur consequuntur.','sint','793818',NULL,'2014-10-07 09:45:10','1993-06-02 04:04:38'),
('29','1','29','Dicta non omnis id molestiae harum earum. Vero reprehenderit est asperiores sunt. Assumenda provident culpa doloremque eos labore harum.','tenetur','0',NULL,'2013-09-03 18:17:45','1997-02-17 23:05:24'),
('30','2','30','Tenetur saepe eveniet aut et totam nobis. Omnis nesciunt quibusdam minima inventore aut impedit. Qui nesciunt magnam neque et quo maxime. Et ratione quidem non sint quaerat quia ipsa. Dolores enim molestiae doloribus odio quos.','at','2',NULL,'2011-09-14 03:35:54','1986-05-03 05:30:18'),
('31','3','31','Maxime et molestiae nesciunt rerum aut. Sequi voluptate odit possimus dolores. Non molestiae dolor qui quibusdam voluptatum. Ea corporis minima minus numquam aut.','assumenda','95051',NULL,'1993-04-04 02:27:31','2004-06-28 14:52:35'),
('32','4','32','Officia sunt corporis et. Cumque doloremque quasi non quo nisi. Consequatur aut ullam impedit aliquam necessitatibus delectus non. Reiciendis esse quia ratione sunt magni.','sit','32687',NULL,'1974-01-27 20:31:26','2011-05-22 05:00:58'),
('33','1','33','Fuga eos dolorum sequi sed voluptatem omnis. Sint cupiditate illum qui repellendus fuga et neque. Maxime et rerum sint omnis beatae.','recusandae','3159',NULL,'2005-03-08 15:31:25','2018-08-22 05:05:17'),
('34','2','34','Ullam ut sunt velit. Non aperiam quia cumque corrupti et accusamus ut. Est quae culpa blanditiis labore voluptas nam.','in','9681',NULL,'1994-08-30 22:59:34','1976-12-11 22:11:29'),
('35','3','35','Saepe et quas magni iste nostrum. Et atque asperiores aspernatur quia fuga. Omnis quo non sapiente et commodi labore. Perspiciatis voluptas unde sint libero.','qui','4724',NULL,'2019-06-29 23:16:08','1996-08-07 05:13:07'),
('36','4','36','Eum enim ex nulla sint. Excepturi voluptatibus eveniet veritatis dolores consequatur sunt. Aliquid voluptas assumenda doloremque maxime voluptas ea sequi nulla.','sed','8719346',NULL,'1999-07-10 17:02:15','2002-08-20 18:07:17'),
('37','1','37','Porro explicabo et delectus. Provident rerum fugit ex omnis. Quis voluptate consequatur ratione nam quibusdam est. Qui ratione quis sequi et. Ea et hic tempora doloribus fugiat.','velit','0',NULL,'1979-04-29 22:56:05','1983-04-06 11:40:35'),
('38','2','38','Velit ullam commodi sint ut alias perferendis. Dolor earum repellendus sint eos aspernatur quo. Omnis molestias necessitatibus nobis similique dolorum. Quo hic animi reiciendis eligendi quas.','enim','8',NULL,'2000-05-25 22:08:29','1997-07-07 11:25:39'),
('39','3','39','Ut veniam ipsam fugiat unde eligendi. Occaecati illum sit fuga eaque doloribus minima et. Est ducimus blanditiis dolore maxime rem architecto quia. Quaerat non ullam ducimus quia magnam dolorum harum.','incidunt','591',NULL,'2020-06-21 17:10:26','1994-08-22 02:35:58'),
('40','4','40','Sequi quod et recusandae atque laudantium ab. Ullam iste tempore perspiciatis exercitationem aliquid eveniet.','tempore','13478',NULL,'1972-08-21 02:05:33','2009-12-19 02:59:36'),
('41','1','41','Voluptatibus voluptates non quia accusamus. Nobis nostrum quos nulla laudantium in voluptatem dolorem. Quos et minima reprehenderit rerum atque deserunt sapiente quisquam.','iure','2',NULL,'2018-07-15 15:47:08','1992-06-14 07:50:09'),
('42','2','42','Sapiente ducimus ipsum tempora aut sint adipisci. Recusandae voluptatibus sunt dolores officia optio quia. Dolorem non dolores eligendi quos iure quia.','soluta','844613',NULL,'2014-01-30 16:21:37','1972-11-07 04:31:24'),
('43','3','43','Molestiae aut expedita facilis. Eos beatae assumenda facere impedit cupiditate a consequatur dolorem. Harum delectus fugit dicta at aperiam ut.','magni','80',NULL,'2017-11-12 17:21:36','1994-01-15 08:24:58'),
('44','4','44','Natus odit consequatur atque itaque perferendis enim. Itaque et porro ipsa sed molestiae. Sit quidem praesentium magnam voluptas eius eligendi placeat praesentium.','dolor','8706',NULL,'1993-04-09 19:10:45','1976-07-22 04:48:18'),
('45','1','45','Placeat assumenda dolorem et rerum dignissimos. Temporibus qui voluptatem minima nobis. Ipsa consequatur pariatur nisi. Quo vitae fuga ut illo quidem quisquam unde.','quia','919189',NULL,'2018-03-21 06:58:18','1987-05-07 22:27:33'),
('46','2','46','Doloremque totam quam et numquam. Nam nulla ipsa commodi quia libero eos nulla.','repellat','1',NULL,'1978-01-23 17:53:40','1985-08-05 04:31:44'),
('47','3','47','Et provident consectetur minus dolor. Eaque voluptates error iusto. Eum vero dignissimos nihil id. Quo quis voluptatibus quia velit deleniti voluptas.','in','85854',NULL,'1989-06-11 01:45:07','1984-08-06 17:35:17'),
('48','4','48','Maxime et pariatur reiciendis voluptate dolorem aut ut. Beatae perspiciatis dolorem velit ipsam nam nostrum voluptatum. Sint excepturi sit aut voluptatem aliquam consequatur quam.','at','301',NULL,'1985-05-15 19:45:58','1974-08-10 16:56:41'),
('49','1','49','Est nobis quis eligendi autem et rem. Rem sequi ut optio consequuntur. Illo quo et magni natus.','magni','228297226',NULL,'2010-12-16 06:24:47','1986-06-14 10:27:24'),
('50','2','50','Mollitia labore voluptatem asperiores praesentium sit et soluta. Beatae ipsa aut possimus eveniet. Voluptatem ea qui aspernatur deserunt distinctio fuga quas.','sint','1723469',NULL,'1981-08-28 07:07:28','2014-04-03 05:10:02'),
('51','3','51','Ad ea est ea vero natus dolor. Quo id accusamus voluptate maiores velit in ut. Unde quo aliquam minima nisi. Corporis fuga consequuntur vero magni sint.','totam','0',NULL,'1971-07-15 23:36:31','1973-03-10 19:29:41'),
('52','4','52','Id vero expedita exercitationem qui ut. Dicta culpa ducimus in vel. Iure debitis dolores ut minus soluta. Perspiciatis minima praesentium porro et recusandae voluptates. Ab excepturi et laudantium aliquam id ut aut iure.','id','80',NULL,'1994-03-05 08:10:16','1983-10-07 13:23:14'),
('53','1','53','Dolorum et nesciunt maiores incidunt voluptatem quisquam. Distinctio totam modi repudiandae non nemo tenetur dolore. Blanditiis exercitationem omnis voluptate non quo.','eos','0',NULL,'1989-01-10 19:57:44','1978-09-15 18:38:31'),
('54','2','54','Vel occaecati maiores saepe explicabo. Quis officia autem mollitia ut et. Deleniti nihil corporis qui reprehenderit nemo praesentium tempore. Perspiciatis ab quas explicabo fugiat.','est','0',NULL,'2011-04-21 00:11:53','2001-02-16 13:22:37'),
('55','3','55','Qui nihil voluptatem tenetur dolores quia distinctio quae. Iste nostrum earum molestias sit sequi. Consectetur ad deserunt perferendis eum.','minus','19384373',NULL,'1985-03-05 05:41:55','1981-03-29 05:10:56'),
('56','4','56','Voluptatem perferendis ipsam voluptate voluptate. Dolorem vel sit voluptatem corrupti. Ipsa et praesentium amet ea atque. Soluta architecto quia consequatur tenetur.','rerum','564',NULL,'2005-03-24 04:47:04','2007-11-15 11:51:38'),
('57','1','57','Aut consequatur et quis tempore quae. Ut beatae qui perferendis. Quia perferendis error cum recusandae omnis pariatur.','illo','640',NULL,'1999-12-07 21:17:00','1987-09-11 05:26:12'),
('58','2','58','Corporis a asperiores laudantium nulla a laudantium est. Accusamus aut tenetur ut veniam quisquam ipsa.','iure','661138',NULL,'1982-01-23 12:56:50','1995-06-14 21:41:22'),
('59','3','59','Quo magni doloremque dolores aliquam qui voluptates. Maxime nesciunt nostrum velit id quasi. Eos provident et repudiandae ullam fugit ut. Consequatur sunt eaque quae et id.','omnis','4354785',NULL,'2013-07-19 02:24:25','2020-09-15 23:51:10'),
('60','4','60','Qui nemo vitae libero fugit quis libero earum. Reprehenderit enim quasi quia voluptas cumque.','est','577357',NULL,'1985-10-01 03:27:45','2020-06-22 18:36:35'),
('61','1','61','Et rerum reprehenderit voluptatem consequatur minus voluptatem. Quibusdam eos rerum vel eos occaecati voluptatibus minima. Saepe natus qui accusantium accusantium ratione quaerat.','quibusdam','815',NULL,'2000-03-08 23:19:10','1997-10-02 14:39:51'),
('62','2','62','Nihil ea repellat asperiores quaerat quisquam. Nobis explicabo consequuntur dolor ducimus cupiditate qui. At minima dolor suscipit dolores cupiditate nihil. Perspiciatis qui laborum nam quis.','unde','783955109',NULL,'1984-04-22 04:17:54','2013-02-15 05:25:58'),
('63','3','63','Sed beatae et ut quia. Et eveniet voluptatem occaecati enim asperiores natus aut. Adipisci adipisci quod doloremque aut in incidunt.','aut','46',NULL,'1995-12-24 04:22:17','1971-09-27 11:53:02'),
('64','4','64','Porro hic minima porro cupiditate iste minus reprehenderit. Esse labore ut quaerat nihil non est assumenda. Sint est dolor expedita magnam. Molestiae dolor fugit quo sed accusantium ut.','et','30926645',NULL,'1971-12-19 03:20:55','2020-09-07 22:20:09'),
('65','1','65','Labore velit autem mollitia deleniti. Expedita dolore velit consectetur explicabo. Rerum alias nisi commodi omnis nisi sunt. Cumque ut consequatur ut qui rerum.','odit','1401',NULL,'1972-08-30 20:53:23','2000-03-29 00:59:51'),
('66','2','66','Temporibus iusto voluptatem minima cupiditate eveniet consequatur voluptas. Sint consequatur dolor quo aut aut. Molestiae qui architecto nulla est in ipsa tenetur. Rem minus aut optio numquam.','et','56',NULL,'1974-04-06 01:49:40','2014-07-11 12:47:30'),
('67','3','67','Iure consequatur aliquam ex maiores. Nulla rerum et velit aut. Culpa officiis aut praesentium rerum aut est dicta blanditiis. Possimus odit iure omnis commodi dolorem voluptates pariatur. Est rem molestiae mollitia quidem accusamus quia optio.','veritatis','645240627',NULL,'1984-04-20 11:12:32','1987-01-19 18:22:11'),
('68','4','68','Aut quo tempore nihil porro repellendus. Accusantium impedit dolorem vel soluta facere. Unde animi sit quia aut veritatis ad consequatur.','natus','6',NULL,'1992-03-19 06:30:27','2010-10-18 20:43:15'),
('69','1','69','Nam ut sit et ut. Hic dignissimos sequi est inventore. Nesciunt beatae rerum non numquam.','dolore','79',NULL,'2010-09-07 13:29:06','1972-05-09 07:10:05'),
('70','2','70','Eius nisi libero quam fugit sed dolores. Aliquid nobis dolor molestiae reiciendis. Sit blanditiis maiores sapiente.','a','913',NULL,'2018-05-30 08:12:40','1988-08-10 09:15:21'),
('71','3','71','Omnis placeat excepturi praesentium illo. Occaecati neque cumque aliquam iste praesentium temporibus mollitia. Fuga in accusamus aut excepturi ullam excepturi impedit. Ullam similique magnam eveniet magnam.','aut','8114',NULL,'2015-04-05 17:45:41','1980-03-05 06:16:28'),
('72','4','72','Impedit distinctio consectetur qui minus numquam fugiat perferendis. Et eaque et ipsam hic modi voluptas. Qui et itaque adipisci voluptatem.','et','63',NULL,'2004-09-05 15:17:42','1997-09-08 21:39:02'),
('73','1','73','Debitis ut aut repudiandae dolore magni temporibus culpa. Explicabo et libero sint error. Sint ut quia dicta sequi facilis harum mollitia.','vel','0',NULL,'1987-03-14 22:15:20','1982-06-04 02:59:52'),
('74','2','74','Ad doloremque illum pariatur quas ut. Qui ut asperiores perspiciatis velit ex cumque iure. Est neque molestiae adipisci ratione sint ipsam ipsam. Saepe cumque consectetur dolor quibusdam quibusdam accusamus.','non','0',NULL,'1977-05-11 18:56:17','1991-06-11 10:14:06'),
('75','3','75','Animi illum cum tenetur. Autem officia vero sint odio. Molestiae dolorum incidunt velit ea nemo sed nihil.','qui','60051',NULL,'1996-02-02 03:01:31','2004-07-22 22:47:49'),
('76','4','76','Optio itaque vitae voluptatem commodi fugit. Itaque amet dignissimos non omnis. Sint non sed delectus amet. Ad est eum enim et.','sint','825277133',NULL,'1985-11-23 21:02:35','1973-03-24 20:46:51'),
('77','1','77','At labore aut nihil aut. Quaerat fugiat id voluptatibus labore temporibus sed. Dolor nobis quaerat voluptatibus quisquam. Qui suscipit possimus voluptatem asperiores molestias eum.','quia','976',NULL,'2009-12-21 15:21:48','2009-03-15 06:31:28'),
('78','2','78','Consequatur voluptas tempora fuga eveniet commodi. At sunt laborum fuga voluptates dolores aut. Reprehenderit et cumque eveniet impedit minus commodi inventore.','tenetur','0',NULL,'1979-08-19 01:36:34','1986-12-21 04:48:46'),
('79','3','79','Qui nesciunt et harum corrupti molestiae dolores. Dignissimos non eos et maiores impedit provident. Eos labore animi culpa voluptates aut recusandae a.','esse','581089685',NULL,'2003-01-21 23:00:42','1993-02-06 17:42:07'),
('80','4','80','Perspiciatis corrupti aut qui hic quasi vel nesciunt. Placeat explicabo pariatur natus sint maiores ratione. Totam necessitatibus minus fuga nemo accusamus.','quo','99',NULL,'1980-11-19 18:37:00','2000-08-05 19:46:24'),
('81','1','81','Molestiae explicabo atque commodi sequi hic ut. Illum illo illum architecto incidunt rerum est. Assumenda aut rem numquam explicabo quidem ducimus laudantium. Sint ut ut aut eligendi sunt modi repellendus.','omnis','321070926',NULL,'2007-08-09 04:53:35','1972-08-30 05:19:14'),
('82','2','82','Iusto rerum iure qui nihil in ducimus. Tempore dolorum perspiciatis minima. Temporibus cum sint et praesentium sed magni et. Dolor quia ut sit error.','doloribus','7',NULL,'2000-11-01 12:41:19','1997-02-07 14:48:58'),
('83','3','83','Et dolorum reiciendis nostrum minima eaque commodi. Qui voluptatem eum beatae laborum molestiae. Voluptatum eaque quis qui molestiae. Deserunt voluptatum omnis sed nobis nemo praesentium voluptatem.','id','8',NULL,'1985-11-11 06:09:24','1988-02-17 18:10:26'),
('84','4','84','Sunt facere architecto consequuntur corrupti aliquid. Quae excepturi consequatur perferendis ut blanditiis sunt doloremque. Quia et et aut placeat aperiam eos.','unde','20705',NULL,'2005-12-02 17:36:51','1971-09-17 06:54:57'),
('85','1','85','Dignissimos dolor aut dolor impedit modi. Dicta vel provident ratione ipsam ipsa. Dignissimos quae ducimus veritatis quidem.','possimus','59043',NULL,'2007-10-06 16:43:41','2015-06-03 21:27:20'),
('86','2','86','Rerum porro perferendis corporis cumque. Dolor hic sint dolorem est nostrum hic voluptate. Velit veniam eos nostrum eos a ut. Cum non consequatur unde dignissimos.','vel','0',NULL,'1994-02-07 19:48:58','1995-04-25 10:00:25'),
('87','3','87','Fuga tempora numquam enim quia nobis molestias. Iure aut at et quo perspiciatis a.','recusandae','33386',NULL,'1982-10-03 19:52:21','1983-12-31 09:59:11'),
('88','4','88','Molestiae consequuntur aut a consequatur voluptatum dolor. Sunt sint voluptatibus modi omnis architecto. Nobis soluta et in inventore voluptatum.','maiores','38606',NULL,'1988-12-28 06:49:12','1972-08-25 11:52:20'),
('89','1','89','Sequi autem modi magni facilis sit nihil possimus iure. Et qui amet dolorem nobis.','molestias','35',NULL,'1988-02-15 14:06:54','1977-07-09 14:18:17'),
('90','2','90','Voluptas quibusdam maxime reprehenderit asperiores quibusdam eos voluptatum. Fugiat optio sit id aliquid fugiat aut sint deleniti. Doloribus unde deserunt esse cum sapiente enim. Fuga qui aut ratione non animi ipsam.','qui','82',NULL,'1981-06-13 06:08:03','2020-03-17 22:37:56'),
('91','3','91','Aut voluptatem sunt sit error error at explicabo incidunt. Occaecati temporibus omnis accusantium voluptate optio rerum dolorem. Id vero et quis adipisci ipsam. Velit et exercitationem qui modi possimus.','sequi','5',NULL,'1973-01-21 16:46:19','1989-05-27 00:27:29'),
('92','4','92','Cumque nobis consequatur qui consequatur consequatur. Veritatis quisquam nemo aperiam aut. Architecto aut porro odit quidem numquam velit. Iusto sequi ut cumque error nobis dicta nihil.','totam','136587211',NULL,'1993-11-29 09:56:38','2016-10-07 01:09:32'),
('93','1','93','Voluptatum quidem impedit enim voluptas nemo in accusantium. Repudiandae suscipit minus sunt dolores consequatur quam. Quam id eos quasi.','eos','11751338',NULL,'1970-09-01 21:22:49','2016-04-28 04:50:11'),
('94','2','94','Quisquam modi consequatur iste vel est dolorum quibusdam rerum. Minus corrupti qui inventore repellendus quae repellat. Excepturi eveniet nesciunt magnam voluptatem sed dolor natus. Rerum eius velit doloremque excepturi.','dolores','6178',NULL,'2011-04-25 11:12:07','1978-04-01 00:36:28'),
('95','3','95','Ut qui omnis dolorem officiis libero perferendis. Blanditiis pariatur blanditiis vel. Dignissimos voluptatem molestias fuga quo. Quidem voluptas blanditiis ut aliquid.','consequatur','21046',NULL,'2003-12-07 23:38:24','2013-09-25 05:27:02'),
('96','4','96','Minus autem nobis eos nihil aut. Voluptas consequatur dicta aut aut modi assumenda. Sequi sed amet aut quaerat quaerat nisi.','ut','2899',NULL,'1986-06-22 05:28:29','1982-01-22 06:26:56'),
('97','1','97','Consequatur sint fugiat aut repellat dolor cupiditate placeat et. Esse iure sapiente veniam nam earum provident ullam.','aut','96766',NULL,'1979-06-30 22:06:58','2002-09-19 01:35:08'),
('98','2','98','Accusantium nemo sit quam. Natus nostrum et autem aliquam ipsum perferendis culpa. Consequuntur perferendis neque consequatur facilis nihil aut.','sit','126',NULL,'1976-02-12 04:01:02','1990-05-25 13:40:15'),
('99','3','99','In possimus qui sed aut dolores. Et illum voluptatem distinctio qui ipsa illo quod impedit.','eum','52',NULL,'2007-06-10 16:17:58','1982-06-11 19:58:22'),
('100','4','100','Eos minima praesentium non at. Laudantium at vel facilis repellat exercitationem dolor sapiente. Magni qui non totam expedita soluta atque cumque.','et','67540736',NULL,'1993-10-21 12:05:58','2018-07-12 10:30:01'); 


DROP TABLE IF EXISTS `media_types`;
CREATE TABLE `media_types` (
  `id` bigint(20) unsigned NOT NULL AUTO_INCREMENT,
  `name` varchar(255) COLLATE utf8_unicode_ci DEFAULT NULL,
  `created_at` datetime DEFAULT current_timestamp(),
  `updated_at` datetime DEFAULT NULL ON UPDATE current_timestamp(),
  UNIQUE KEY `id` (`id`)
) ENGINE=InnoDB AUTO_INCREMENT=5 DEFAULT CHARSET=utf8 COLLATE=utf8_unicode_ci;

INSERT INTO `media_types` VALUES ('1','eius','1974-07-12 17:44:08','1986-04-29 15:56:08'),
('2','occaecati','1976-03-13 21:25:30','2013-11-18 22:12:58'),
('3','deserunt','1972-04-27 09:29:42','1992-06-23 16:33:54'),
('4','tempora','1974-10-27 09:47:06','1976-02-06 12:26:26'); 


DROP TABLE IF EXISTS `messages`;
CREATE TABLE `messages` (
  `id` bigint(20) unsigned NOT NULL AUTO_INCREMENT,
  `from_user_id` bigint(20) unsigned NOT NULL,
  `to_user_id` bigint(20) unsigned NOT NULL,
  `body` text COLLATE utf8_unicode_ci DEFAULT NULL,
  `created_at` datetime DEFAULT current_timestamp(),
  UNIQUE KEY `id` (`id`),
  KEY `from_user_id` (`from_user_id`),
  KEY `to_user_id` (`to_user_id`),
  CONSTRAINT `messages_ibfk_1` FOREIGN KEY (`from_user_id`) REFERENCES `users` (`id`),
  CONSTRAINT `messages_ibfk_2` FOREIGN KEY (`to_user_id`) REFERENCES `users` (`id`)
) ENGINE=InnoDB AUTO_INCREMENT=101 DEFAULT CHARSET=utf8 COLLATE=utf8_unicode_ci;

INSERT INTO `messages` VALUES ('1','1','1','Provident soluta tempore omnis qui repellat dolorum. Vitae aut eligendi voluptatum officiis architecto veritatis. Doloremque rerum molestiae labore autem et nostrum quam. Ut accusamus amet doloremque velit praesentium maxime ratione. Ut ut sit eius quia est autem reprehenderit.','1982-08-19 10:49:08'),
('2','2','2','Praesentium hic adipisci aut quisquam ut qui amet. Sint magni ea ut officiis. Molestiae fuga ipsam exercitationem est temporibus. Placeat magnam eius voluptates voluptas corporis.','2018-10-16 05:18:07'),
('3','3','3','Laudantium quasi et sit nam aliquid maiores sint. Quibusdam sunt molestiae totam odio quae. Voluptatem inventore odit ducimus porro exercitationem et qui possimus.','2018-02-18 04:44:58'),
('4','4','4','Qui praesentium quidem quam doloribus nemo magni in. Voluptatem velit nam aut at neque corporis. Et cupiditate et esse consequatur inventore. Sint temporibus dolores commodi.','1993-02-26 01:35:53'),
('5','5','5','Facere laborum veniam et dolores iusto non accusamus dolorem. Similique vel tenetur aliquam officiis atque ut. Est aut autem perspiciatis aut.','1987-04-21 18:35:21'),
('6','6','6','Minima et magni aut aut qui id laudantium. Enim quia aspernatur repellat vero aliquam magnam id. Minima qui perspiciatis sed et vel accusantium.','1990-05-14 23:46:57'),
('7','7','7','Non reprehenderit error ut exercitationem molestiae asperiores. Et id accusantium similique consequatur iste magni consequuntur. Suscipit ullam earum optio laborum. Consequatur et id alias quia.','2015-06-03 14:34:09'),
('8','8','8','Aut omnis quia non. Vero sint cumque alias quas.','2002-04-28 01:30:51'),
('9','9','9','Laboriosam eligendi tenetur est. Hic harum est sint ut quo excepturi. Voluptates qui dolores rerum porro ad veritatis. Ratione nulla consequatur rerum officia dolorem.','2010-09-03 14:05:50'),
('10','10','10','Explicabo vel et aperiam inventore. Ut dolore est libero cum commodi vitae ea. Sapiente ullam commodi est expedita magni.','2006-01-12 15:48:19'),
('11','11','11','Cupiditate veritatis non nihil eaque. Voluptate ipsam delectus consequatur consequatur consectetur ut quia qui. Impedit et quod maxime magnam tenetur. Optio repellat sed minus magnam. Asperiores quis dolores repellat hic.','1976-05-11 00:06:49'),
('12','12','12','Voluptate et non labore. Omnis sunt enim reprehenderit. Hic enim perferendis eum consectetur.','1982-07-23 06:23:46'),
('13','13','13','Est vero cum officiis qui pariatur. Quaerat consequatur vel qui sint perferendis. Illum voluptate vel ab aliquid mollitia qui amet.','1994-10-08 14:39:48'),
('14','14','14','Accusantium numquam provident ut ea quae aut. Qui repudiandae quas officia aut maiores provident nihil. Sed dolor ducimus distinctio rerum iusto.','2019-06-16 12:00:46'),
('15','15','15','Non ipsum deserunt corrupti. Sint maiores est omnis ducimus. Dolor dignissimos eum ipsa id ut deleniti.','1980-08-01 04:53:54'),
('16','16','16','Dolorem ad ad velit saepe fuga enim. Corrupti saepe ducimus aperiam voluptatem repellendus. Quas harum voluptatem et adipisci sit porro nihil.','1999-11-25 17:10:56'),
('17','17','17','Pariatur et iure animi animi molestiae alias voluptatum. Molestiae voluptas et alias. Alias sunt magni numquam architecto minus dolore.','1979-01-07 17:11:42'),
('18','18','18','Earum maiores consequatur debitis laudantium et. Eveniet accusantium voluptas reprehenderit qui dolores eveniet. Dignissimos non unde dolorem numquam neque molestias dignissimos iure.','1985-04-28 14:19:29'),
('19','19','19','Excepturi magni omnis commodi. Reprehenderit non animi dolor amet labore aliquid quam repellendus. Tempora aut et ut hic accusantium sed sit.','2006-03-06 17:50:55'),
('20','20','20','Sit blanditiis quam sit dignissimos labore. Nobis recusandae voluptatem exercitationem sit et. Ex harum atque voluptate vitae.','1996-11-29 04:58:56'),
('21','21','21','Vitae animi quos quo ea. Culpa temporibus numquam iure est neque at. Illum et illum eius.','1998-03-16 07:22:48'),
('22','22','22','Et sint dolorem natus tempore totam nulla et. Illo eligendi ut qui numquam itaque.','2018-11-25 04:01:38'),
('23','23','23','Est velit fuga vitae omnis repellendus eum. Magni et possimus rerum. Blanditiis quaerat cumque nulla.','2013-02-10 18:32:43'),
('24','24','24','Ex saepe assumenda enim. Ipsa nihil atque ut hic totam. Distinctio qui autem est ducimus.','2017-12-28 23:51:09'),
('25','25','25','Consequatur est blanditiis autem laboriosam aliquid sed modi. Quidem vel et eveniet voluptas molestias id. Aperiam atque beatae ratione. At voluptatem qui dolor id.','2007-06-17 23:08:04'),
('26','26','26','Voluptatibus non veniam modi mollitia iure culpa iure. A sequi ut ex quae nisi enim. Delectus neque nemo quam et. Modi est explicabo dignissimos quia suscipit et.','2002-04-13 05:11:02'),
('27','27','27','Et vel nesciunt dolorem incidunt qui. Deleniti exercitationem repellat ut enim. Doloribus quasi aut aliquid voluptatem dolores velit eligendi.','1984-06-10 11:35:20'),
('28','28','28','Quos unde eum ex qui doloribus. Culpa nobis at aliquam accusamus quia aut molestias unde. Tenetur accusantium dolorem ut reprehenderit.','1981-06-08 09:18:55'),
('29','29','29','Voluptas temporibus atque rerum perspiciatis est. Assumenda est odio placeat aliquam dolore sed aperiam. Hic eaque dolores et. Sit magni sapiente repudiandae numquam ratione. Culpa sint quidem dolores et laborum consequuntur et non.','2005-05-22 20:59:35'),
('30','30','30','Impedit harum qui ab voluptatem dolores asperiores repellat. Et quia sint repudiandae illum nisi deleniti aut. Et mollitia in alias vero earum. Velit aut expedita in quos.','2000-01-26 05:51:22'),
('31','31','31','Exercitationem est blanditiis quod. Laudantium enim qui deserunt qui dicta vel inventore. Et dolore similique repellat et ut numquam. Omnis ut dolores voluptas veritatis.','2003-01-15 08:18:04'),
('32','32','32','Libero occaecati pariatur culpa dolor nam tempora sint molestias. Excepturi nihil praesentium quis aperiam eligendi. Veniam sunt nostrum nihil hic occaecati ipsam. Consequuntur eos est repudiandae vitae nemo ipsum dolorem.','2007-01-07 19:27:03'),
('33','33','33','Harum et hic quia est. Quo delectus a ipsa veritatis. Non earum non earum libero est. Repudiandae aut et omnis repudiandae molestiae et dolorem est.','2014-08-02 05:35:14'),
('34','34','34','Et laudantium sit deleniti necessitatibus reprehenderit. Molestias quos commodi minus.','1985-07-21 00:05:07'),
('35','35','35','Cupiditate aut aut voluptatem fuga. In ex cupiditate sed earum in. Id aut autem hic qui vel. Deleniti aut sequi sunt recusandae quo quasi.','2004-03-21 02:41:50'),
('36','36','36','Rerum cumque eaque cumque non repudiandae. Vel error repudiandae corporis eius quia ducimus itaque. Sed eum aut magni.','2018-01-14 19:44:21'),
('37','37','37','At odit ratione voluptatum doloremque nulla aspernatur. Sunt enim autem est ea cumque hic repudiandae voluptatem. Ipsa odio modi et. Possimus autem commodi libero et.','1971-10-24 12:25:31'),
('38','38','38','Adipisci laudantium adipisci reprehenderit quaerat ut nulla aut. Sequi quisquam cum blanditiis hic error neque labore molestiae. Cumque ipsam perspiciatis autem aliquam in. Nihil ut ipsa vero necessitatibus commodi.','1998-10-25 11:21:13'),
('39','39','39','Et cum porro quis aut. Ipsum eum cumque quidem vero id quos. Cumque minus enim beatae est.','2005-04-21 18:18:29'),
('40','40','40','Ipsa minus ut occaecati non nesciunt soluta aspernatur qui. Quos quo autem natus necessitatibus. Molestiae quos qui dicta. Velit qui voluptatibus inventore sint repudiandae maxime et et.','2007-09-20 07:43:48'),
('41','41','41','Laborum tempore atque consequatur atque reiciendis non ea. Veritatis quidem reiciendis atque at repellat officia illum. Et rerum in dolores velit ut minus sit.','2007-04-10 01:33:16'),
('42','42','42','In ea rerum omnis architecto qui consequatur error. Qui ea pariatur consectetur consectetur omnis. Beatae autem vel modi blanditiis commodi at dolore. Voluptatibus rem quae neque provident sapiente beatae tempora.','1980-05-06 23:42:50'),
('43','43','43','Dicta illo minus blanditiis inventore quis deleniti. Nam facere corrupti eaque nesciunt id. Et amet voluptatem aut.','2009-05-14 16:30:27'),
('44','44','44','Fuga omnis eos qui perspiciatis. Aut molestiae ut repudiandae. Placeat non nihil laudantium. Consequuntur sint doloremque voluptatibus qui eveniet.','1984-11-12 04:52:37'),
('45','45','45','Est fugit vero ipsum molestiae asperiores aperiam ea. Et quia quibusdam quo at. Minima ipsum architecto aliquid voluptatem ad. Eius ut minus numquam quia nemo. Eos molestiae ut ea et itaque vel.','1985-03-25 12:16:52'),
('46','46','46','Et occaecati aut explicabo quia sed deleniti officia. Voluptate expedita facilis beatae eius. Quidem libero sequi fuga odit vel perspiciatis. Necessitatibus totam distinctio aut dolorum in. Nulla facilis in distinctio dicta reiciendis autem.','1980-04-01 15:34:57'),
('47','47','47','Aut quaerat quis iure voluptatem rerum illo deserunt qui. Facilis id soluta odit adipisci dolorem. Omnis doloribus voluptas debitis officia vel.','1995-03-05 05:49:58'),
('48','48','48','Rem iure nihil veniam quo esse hic non odio. Eius id omnis occaecati neque qui omnis sunt.','1997-02-07 15:11:48'),
('49','49','49','Officia esse officiis iste. Asperiores a non facere nisi nihil. Et magni doloremque ea at. Eum minima repellendus ut sapiente. Reiciendis voluptatibus in nulla aperiam suscipit non fugit.','2020-01-28 11:08:21'),
('50','50','50','Qui eius molestias qui omnis debitis quia sit molestias. Nemo blanditiis ea quod hic et est neque et. Vitae sint rerum consequuntur mollitia perferendis. Aut praesentium sit eos.','2007-01-30 04:50:57'),
('51','51','51','Repellendus in in debitis aspernatur possimus sunt eligendi. Nihil adipisci placeat vel eum sit et voluptatem dolor. Aliquam consectetur officiis eaque nostrum exercitationem magnam.','1987-09-05 14:58:11'),
('52','52','52','Possimus et sed maxime dolores aspernatur officiis aliquid sit. Modi omnis alias qui rerum laborum. Quod ab quidem a corrupti sint. Quod incidunt dignissimos officia temporibus esse ipsa et. Eveniet labore qui corrupti iusto.','1993-11-27 13:12:50'),
('53','53','53','Necessitatibus laudantium eaque autem porro et earum iste. Esse et et animi autem illum libero amet. Quia aut accusamus veritatis. Eos ex voluptas ullam officiis rerum ex blanditiis doloribus. Sapiente qui qui voluptas fuga.','1991-11-25 13:04:54'),
('54','54','54','Aut minus reiciendis id iste. Ab repellat assumenda alias. Deleniti libero illum nesciunt vero vel aut ea.','1970-07-11 20:57:09'),
('55','55','55','Et qui sit architecto voluptatem ratione. Unde commodi occaecati a voluptatem similique odio assumenda nihil. Molestiae officiis eum ut quia rerum vero voluptatum aliquam.','2006-06-11 07:00:08'),
('56','56','56','Consequuntur est tempore quia suscipit. Sit autem quia sed illo illum ipsam dolor. Et aliquid dolores commodi. Quod maxime dolorem velit iste soluta et nihil.','1976-06-05 09:54:23'),
('57','57','57','Dicta ad et rerum. Velit voluptatem officiis ullam ut voluptatum voluptate. Cupiditate doloremque iusto sint officiis deleniti a nesciunt. Ut reiciendis neque ut qui ut suscipit nisi.','1983-10-30 23:55:57'),
('58','58','58','Incidunt ex itaque repellat. Harum consequatur neque sequi provident voluptatem inventore. Ipsum voluptas saepe dolores facilis vitae illum eos. Ut quia tempora doloremque rerum. Aliquid voluptate voluptatibus nam itaque repudiandae.','2015-12-07 10:47:16'),
('59','59','59','Qui quae amet non nesciunt ex nobis reiciendis aperiam. Rem aperiam quibusdam ut animi repellendus aut sapiente. Saepe omnis officia occaecati distinctio facere.','2014-08-14 03:10:31'),
('60','60','60','Alias ipsam modi dolores saepe consequatur maxime. Nulla libero saepe impedit id praesentium sit. Deleniti quia voluptas molestiae.','2010-12-27 05:29:28'),
('61','61','61','Blanditiis quia voluptate maxime et accusamus labore. Unde quaerat rerum explicabo. Magnam illo explicabo molestiae harum aut eum. Eos fugiat accusantium id autem nesciunt nostrum.','2007-06-24 21:07:27'),
('62','62','62','Consequatur dolores dolor natus quos non ratione fuga. Amet iste culpa molestiae est. Maxime voluptatum ex illo enim ad voluptas earum. Consectetur facere magnam distinctio.','2000-08-09 17:31:20'),
('63','63','63','Non qui quia quam qui consectetur minus nihil. Dignissimos officia tenetur ullam et qui quia. Voluptatem perspiciatis reprehenderit ab cumque natus rerum. Sit nihil et mollitia voluptas sit repellat est aut.','1972-10-12 20:09:05'),
('64','64','64','Sapiente et vitae ipsa iste molestiae. Qui enim dolorem asperiores perspiciatis veritatis. Asperiores ex facilis illo sit.','1980-03-05 01:47:32'),
('65','65','65','Officia ad delectus quae alias velit commodi ut. Facilis eum voluptatum porro suscipit. Omnis ipsam dignissimos aut alias et iste velit enim.','2007-06-16 00:45:00'),
('66','66','66','Molestiae aliquam dolorem consequatur nesciunt dolore autem. Delectus ea consequatur voluptates eos eligendi eius et. Fuga laboriosam et similique est esse qui rerum voluptatem. Dolore saepe rerum odit quis veritatis ipsa et in.','1998-07-19 11:47:13'),
('67','67','67','Aut praesentium sed quia sed consequatur deserunt. Sed praesentium blanditiis aliquid nam. Fuga maiores sit harum dolorum voluptatum esse mollitia.','1997-09-17 19:30:22'),
('68','68','68','Vel autem temporibus sed blanditiis quos. Dolorum doloribus aperiam temporibus excepturi nam eos. Aliquam expedita autem et ab. Sed dolorum corrupti aut porro voluptatum.','2003-06-16 23:39:06'),
('69','69','69','Vel nulla quas ratione ut. Repudiandae qui aut deserunt est dolor qui soluta. Quisquam sed et beatae odio.','1986-01-16 20:53:26'),
('70','70','70','Saepe tempora rerum labore consequatur reiciendis atque qui impedit. Rerum nobis sit porro assumenda. Aut quaerat maxime omnis doloremque excepturi voluptates.','1982-05-23 02:13:34'),
('71','71','71','Quia adipisci vitae reiciendis. At nobis soluta quis et autem.','2017-12-08 22:49:20'),
('72','72','72','Blanditiis doloremque necessitatibus repellat quisquam non. Nostrum ipsum qui quos minus est et. Quidem nihil exercitationem esse vitae officia nam amet consectetur.','2010-01-22 12:40:16'),
('73','73','73','Numquam nam qui optio doloribus. Voluptatibus autem nisi ea et iure tempore beatae. Expedita sequi sed esse nihil dignissimos eos eos quia. Voluptatem fugiat doloremque dolorum. Eligendi quod nobis quia a.','1990-03-28 00:49:56'),
('74','74','74','Qui facere voluptates nihil et non magnam odio. Delectus est possimus dolorum et. A qui rem eaque vel. Rerum error veritatis sint quos sed excepturi.','2005-09-09 00:55:00'),
('75','75','75','Et consequatur molestiae quae ut ut sit dolores. Voluptatem perspiciatis quisquam recusandae. Animi quia enim deserunt quis neque maxime id. Ut quis ad nemo sapiente in esse qui.','1971-12-08 01:08:00'),
('76','76','76','Ut rem nulla veritatis tenetur porro. Placeat perferendis rerum possimus. Exercitationem sint excepturi impedit repellendus.','1996-05-07 13:38:36'),
('77','77','77','Et laborum omnis sed quis aliquam consequatur. Ad in est alias dolorem voluptate asperiores. Est ullam quia illum dolores libero perspiciatis hic.','1997-06-15 00:58:35'),
('78','78','78','Aspernatur sequi sequi inventore necessitatibus voluptas beatae. Et culpa et vel commodi exercitationem molestias.','1972-05-01 12:13:24'),
('79','79','79','Sint deleniti commodi harum qui quis. At veritatis atque earum eum eum quaerat est vel. Ut fugiat itaque velit explicabo.','1995-08-09 16:20:04'),
('80','80','80','Praesentium magnam corporis et nihil sit. Iure sint aliquid quis repellat saepe. Aut et quaerat est occaecati mollitia. Alias rerum eius minima eos sed.','2014-09-12 14:45:31'),
('81','81','81','Aut non rem enim qui. Cum assumenda aut ut est est. Fugit quo nam cumque reprehenderit tempore ut. Non excepturi tenetur quod qui eos laudantium facere. Omnis necessitatibus commodi facere nobis.','1982-08-08 05:09:48'),
('82','82','82','Consequatur quam suscipit aut neque. Officiis iste aut repellat neque omnis. Quos architecto nisi soluta voluptatibus.','2019-07-01 17:55:24'),
('83','83','83','Rerum reprehenderit consequatur modi consectetur ullam. Sed in possimus quia optio ea. Velit veritatis rem quia nam qui iusto dolorem.','1981-04-28 07:17:34'),
('84','84','84','Et doloremque voluptas velit adipisci. Et beatae consequatur fuga molestias et non cumque voluptate. Voluptates voluptas adipisci exercitationem odit. Adipisci aspernatur et animi est dolor sunt.','1980-09-05 19:51:50'),
('85','85','85','Optio iste sed ab saepe. Ad pariatur non cumque reprehenderit consectetur ipsa neque est. Eaque alias veniam consequatur.','2014-11-10 00:55:26'),
('86','86','86','Et ipsum qui ut ut illum tenetur facere. Quas minima reprehenderit qui temporibus. Dolor sed praesentium aliquam quia molestiae voluptatem et. Necessitatibus doloribus odit aliquam modi quo.','2008-06-26 15:56:47'),
('87','87','87','Omnis harum et dolores autem minima. Impedit et iste doloremque laboriosam. Ab dolorem fugiat eligendi minus.','1986-02-11 09:34:49'),
('88','88','88','Culpa rerum quod suscipit sit iusto quibusdam quo. Quis aut sunt tempora ea totam ipsa et ratione. Totam dolores et perferendis vitae unde at et. Sequi qui ipsa non eligendi ullam. Alias dolorem in saepe qui vitae voluptatem aut similique.','2003-08-17 15:33:34'),
('89','89','89','Explicabo adipisci ut et magni. Fugit nostrum quisquam quos quia quo quisquam et. Perspiciatis dolorem officiis commodi tempora dolorem. Corporis beatae qui saepe quis est molestias.','1977-10-04 11:42:45'),
('90','90','90','Suscipit aut qui possimus harum. Commodi sit perspiciatis ducimus.','1973-02-06 00:06:39'),
('91','91','91','Nam ex architecto incidunt ut debitis aliquam ducimus. Illum alias omnis commodi totam. Pariatur nam magni quia neque unde exercitationem molestiae. Officiis autem repudiandae repellendus molestias ullam qui blanditiis.','1971-07-17 03:53:51'),
('92','92','92','Culpa modi ut sit sint dolorum expedita repellat. Delectus ea dolor esse et totam illo. Tenetur ut veniam voluptatem ullam sit et.','2016-02-25 09:33:28'),
('93','93','93','Asperiores incidunt repellat dolore in voluptatem. Et quae amet error tempore aliquam nobis. Architecto ab et omnis. Quo est sit similique non aut aut.','1986-07-08 17:42:37'),
('94','94','94','Doloremque tempora voluptate aspernatur praesentium accusantium suscipit. At nam aut voluptates necessitatibus odit aut consectetur. Quo sint sit quis non porro quo corporis voluptas.','2020-06-04 07:49:45'),
('95','95','95','Nihil sunt enim ducimus at delectus. Illum reprehenderit aut excepturi sit. Facere ab voluptates fuga iste aut. Impedit aut veritatis accusantium beatae delectus ipsa debitis.','1975-12-05 14:45:19'),
('96','96','96','Error est qui excepturi odit. Dicta hic ut non id facere aspernatur autem. Ducimus nam ipsa dolores. Voluptatem omnis rem voluptas ut ut. Numquam non quos omnis consequatur doloribus quia at maxime.','1986-04-30 13:50:54'),
('97','97','97','Fuga provident qui possimus perferendis ea. Dolorem aut dolore deserunt dolores nihil sed voluptate exercitationem. Cupiditate cupiditate distinctio aut ipsum a. Est quo esse quam maxime esse ut doloremque commodi.','2016-10-05 07:23:48'),
('98','98','98','Et vero exercitationem ea. In harum tempore tempore possimus rerum nostrum corrupti. Sed blanditiis et quia rerum. Autem sed voluptas consectetur sed est quod magnam dolor.','1982-09-18 17:52:23'),
('99','99','99','Molestias quasi libero et voluptatem quia doloremque ipsa. Possimus voluptatem aspernatur quibusdam deserunt aut sit.','2005-06-26 02:43:01'),
('100','100','100','Cumque natus corporis voluptatem nisi dolor omnis exercitationem. Vel sed est numquam commodi repellat voluptatem necessitatibus.','2000-05-06 23:20:41'); 


DROP TABLE IF EXISTS `photo_albums`;
CREATE TABLE `photo_albums` (
  `id` bigint(20) unsigned NOT NULL AUTO_INCREMENT,
  `name` varchar(255) COLLATE utf8_unicode_ci DEFAULT NULL,
  `user_id` bigint(20) unsigned DEFAULT NULL,
  PRIMARY KEY (`id`),
  UNIQUE KEY `id` (`id`),
  KEY `user_id` (`user_id`),
  CONSTRAINT `photo_albums_ibfk_1` FOREIGN KEY (`user_id`) REFERENCES `users` (`id`)
) ENGINE=InnoDB AUTO_INCREMENT=101 DEFAULT CHARSET=utf8 COLLATE=utf8_unicode_ci;

INSERT INTO `photo_albums` VALUES ('1','deserunt','1'),
('2','maiores','2'),
('3','tempora','3'),
('4','facere','4'),
('5','accusamus','5'),
('6','blanditiis','6'),
('7','a','7'),
('8','sed','8'),
('9','eum','9'),
('10','tempora','10'),
('11','eum','11'),
('12','laborum','12'),
('13','voluptate','13'),
('14','sed','14'),
('15','voluptatibus','15'),
('16','dignissimos','16'),
('17','doloremque','17'),
('18','id','18'),
('19','enim','19'),
('20','minus','20'),
('21','et','21'),
('22','ea','22'),
('23','ut','23'),
('24','explicabo','24'),
('25','qui','25'),
('26','nihil','26'),
('27','vel','27'),
('28','inventore','28'),
('29','aperiam','29'),
('30','rerum','30'),
('31','quo','31'),
('32','est','32'),
('33','eum','33'),
('34','ut','34'),
('35','at','35'),
('36','ea','36'),
('37','ratione','37'),
('38','omnis','38'),
('39','vero','39'),
('40','architecto','40'),
('41','ea','41'),
('42','quos','42'),
('43','quae','43'),
('44','neque','44'),
('45','dolorem','45'),
('46','sint','46'),
('47','quos','47'),
('48','non','48'),
('49','sit','49'),
('50','recusandae','50'),
('51','reprehenderit','51'),
('52','quisquam','52'),
('53','sint','53'),
('54','optio','54'),
('55','consequatur','55'),
('56','ea','56'),
('57','ducimus','57'),
('58','voluptatem','58'),
('59','vel','59'),
('60','tempora','60'),
('61','non','61'),
('62','libero','62'),
('63','alias','63'),
('64','enim','64'),
('65','voluptatem','65'),
('66','placeat','66'),
('67','aperiam','67'),
('68','nam','68'),
('69','perferendis','69'),
('70','perferendis','70'),
('71','eaque','71'),
('72','aut','72'),
('73','saepe','73'),
('74','iusto','74'),
('75','dolores','75'),
('76','unde','76'),
('77','quia','77'),
('78','beatae','78'),
('79','omnis','79'),
('80','autem','80'),
('81','quis','81'),
('82','dolor','82'),
('83','sunt','83'),
('84','perspiciatis','84'),
('85','exercitationem','85'),
('86','eaque','86'),
('87','voluptate','87'),
('88','fugit','88'),
('89','perferendis','89'),
('90','possimus','90'),
('91','eum','91'),
('92','aut','92'),
('93','quae','93'),
('94','doloribus','94'),
('95','necessitatibus','95'),
('96','laudantium','96'),
('97','est','97'),
('98','quos','98'),
('99','quisquam','99'),
('100','tempora','100'); 


DROP TABLE IF EXISTS `photos`;
CREATE TABLE `photos` (
  `id` bigint(20) unsigned NOT NULL AUTO_INCREMENT,
  `album_id` bigint(20) unsigned NOT NULL,
  `media_id` bigint(20) unsigned NOT NULL,
  UNIQUE KEY `id` (`id`),
  KEY `album_id` (`album_id`),
  KEY `media_id` (`media_id`),
  CONSTRAINT `photos_ibfk_1` FOREIGN KEY (`album_id`) REFERENCES `photo_albums` (`id`),
  CONSTRAINT `photos_ibfk_2` FOREIGN KEY (`media_id`) REFERENCES `media` (`id`)
) ENGINE=InnoDB AUTO_INCREMENT=101 DEFAULT CHARSET=utf8 COLLATE=utf8_unicode_ci;

INSERT INTO `photos` VALUES ('1','1','1'),
('2','2','2'),
('3','3','3'),
('4','4','4'),
('5','5','5'),
('6','6','6'),
('7','7','7'),
('8','8','8'),
('9','9','9'),
('10','10','10'),
('11','11','11'),
('12','12','12'),
('13','13','13'),
('14','14','14'),
('15','15','15'),
('16','16','16'),
('17','17','17'),
('18','18','18'),
('19','19','19'),
('20','20','20'),
('21','21','21'),
('22','22','22'),
('23','23','23'),
('24','24','24'),
('25','25','25'),
('26','26','26'),
('27','27','27'),
('28','28','28'),
('29','29','29'),
('30','30','30'),
('31','31','31'),
('32','32','32'),
('33','33','33'),
('34','34','34'),
('35','35','35'),
('36','36','36'),
('37','37','37'),
('38','38','38'),
('39','39','39'),
('40','40','40'),
('41','41','41'),
('42','42','42'),
('43','43','43'),
('44','44','44'),
('45','45','45'),
('46','46','46'),
('47','47','47'),
('48','48','48'),
('49','49','49'),
('50','50','50'),
('51','51','51'),
('52','52','52'),
('53','53','53'),
('54','54','54'),
('55','55','55'),
('56','56','56'),
('57','57','57'),
('58','58','58'),
('59','59','59'),
('60','60','60'),
('61','61','61'),
('62','62','62'),
('63','63','63'),
('64','64','64'),
('65','65','65'),
('66','66','66'),
('67','67','67'),
('68','68','68'),
('69','69','69'),
('70','70','70'),
('71','71','71'),
('72','72','72'),
('73','73','73'),
('74','74','74'),
('75','75','75'),
('76','76','76'),
('77','77','77'),
('78','78','78'),
('79','79','79'),
('80','80','80'),
('81','81','81'),
('82','82','82'),
('83','83','83'),
('84','84','84'),
('85','85','85'),
('86','86','86'),
('87','87','87'),
('88','88','88'),
('89','89','89'),
('90','90','90'),
('91','91','91'),
('92','92','92'),
('93','93','93'),
('94','94','94'),
('95','95','95'),
('96','96','96'),
('97','97','97'),
('98','98','98'),
('99','99','99'),
('100','100','100'); 


DROP TABLE IF EXISTS `profiles`;
CREATE TABLE `profiles` (
  `user_id` bigint(20) unsigned NOT NULL,
  `gender` char(1) COLLATE utf8_unicode_ci DEFAULT NULL,
  `birthday` date DEFAULT NULL,
  `photo_id` bigint(20) unsigned DEFAULT NULL,
  `created_at` datetime DEFAULT current_timestamp(),
  `hometown` varchar(100) COLLATE utf8_unicode_ci DEFAULT NULL,
  UNIQUE KEY `user_id` (`user_id`),
  CONSTRAINT `fk_user_id` FOREIGN KEY (`user_id`) REFERENCES `users` (`id`) ON DELETE NO ACTION ON UPDATE CASCADE
) ENGINE=InnoDB DEFAULT CHARSET=utf8 COLLATE=utf8_unicode_ci;

INSERT INTO `profiles` VALUES ('1',NULL,'1996-05-18','1','1997-05-08 20:35:23',NULL),
('2',NULL,'2015-04-25','2','1977-11-05 20:03:53',NULL),
('3',NULL,'1974-02-07','3','1973-11-09 06:38:39',NULL),
('4',NULL,'1980-03-15','4','1971-04-16 17:28:04',NULL),
('5',NULL,'1992-05-05','5','1995-12-03 09:19:25',NULL),
('6',NULL,'1979-07-07','6','1972-10-04 22:32:53',NULL),
('7',NULL,'1995-10-05','7','1976-03-10 17:04:12',NULL),
('8',NULL,'2013-07-10','8','2004-07-01 00:23:16',NULL),
('9',NULL,'1993-05-22','9','1997-10-10 07:21:00',NULL),
('10',NULL,'1971-11-18','10','1980-06-02 12:17:02',NULL),
('11',NULL,'1991-03-13','11','1995-08-18 21:13:45',NULL),
('12',NULL,'1975-03-30','12','1979-08-25 07:32:56',NULL),
('13',NULL,'1994-04-02','13','1998-09-09 11:03:49',NULL),
('14',NULL,'1980-03-21','14','1982-02-20 20:42:39',NULL),
('15',NULL,'2005-02-15','15','1978-04-05 01:18:38',NULL),
('16',NULL,'1992-11-23','16','1989-09-09 22:47:06',NULL),
('17',NULL,'1979-04-29','17','2019-06-18 13:07:50',NULL),
('18',NULL,'1990-02-15','18','1990-10-29 08:29:01',NULL),
('19',NULL,'1996-11-04','19','1976-10-29 05:16:31',NULL),
('20',NULL,'1982-05-12','20','1994-03-26 11:21:56',NULL),
('21',NULL,'1983-11-07','21','1995-11-03 09:04:03',NULL),
('22',NULL,'1973-11-08','22','2002-02-01 13:58:17',NULL),
('23',NULL,'1982-11-16','23','1983-03-31 07:06:59',NULL),
('24',NULL,'1982-07-12','24','1978-12-03 20:49:57',NULL),
('25',NULL,'2016-05-02','25','1978-03-28 09:06:21',NULL),
('26',NULL,'2006-11-26','26','1992-08-01 08:56:53',NULL),
('27',NULL,'2006-07-06','27','1992-04-02 20:33:19',NULL),
('28',NULL,'1999-08-04','28','1989-07-24 10:35:06',NULL),
('29',NULL,'2010-09-01','29','2001-06-22 14:11:03',NULL),
('30',NULL,'1988-04-02','30','1970-11-14 08:43:09',NULL),
('31',NULL,'2011-02-27','31','2016-11-20 00:07:42',NULL),
('32',NULL,'1995-04-13','32','1977-01-05 14:51:37',NULL),
('33',NULL,'1988-06-23','33','1976-01-24 17:02:59',NULL),
('34',NULL,'2005-06-03','34','1975-12-19 21:54:06',NULL),
('35',NULL,'1982-12-19','35','1970-12-21 18:59:04',NULL),
('36',NULL,'2015-07-07','36','2002-06-22 01:28:08',NULL),
('37',NULL,'1978-08-21','37','2005-02-20 02:29:17',NULL),
('38',NULL,'1989-09-01','38','1981-06-24 03:13:32',NULL),
('39',NULL,'2000-02-22','39','1974-10-12 22:28:38',NULL),
('40',NULL,'1975-08-05','40','2000-07-09 13:02:23',NULL),
('41',NULL,'1978-05-10','41','2001-12-06 05:22:13',NULL),
('42',NULL,'2017-10-09','42','1979-12-09 04:02:25',NULL),
('43',NULL,'2017-09-26','43','1978-05-24 22:17:41',NULL),
('44',NULL,'2017-08-07','44','1993-04-18 01:21:34',NULL),
('45',NULL,'2010-02-20','45','1990-11-03 13:09:08',NULL),
('46',NULL,'1991-02-09','46','1976-05-21 12:43:34',NULL),
('47',NULL,'2020-05-11','47','2014-06-29 23:42:38',NULL),
('48',NULL,'2001-06-16','48','1995-07-29 23:15:27',NULL),
('49',NULL,'2019-05-05','49','1995-11-03 02:57:42',NULL),
('50',NULL,'2010-08-08','50','1998-02-09 00:36:47',NULL),
('51',NULL,'2000-04-01','51','1991-02-16 06:32:26',NULL),
('52',NULL,'2019-03-31','52','2018-05-29 15:09:43',NULL),
('53',NULL,'1986-11-24','53','1989-06-21 17:59:06',NULL),
('54',NULL,'1993-07-19','54','1973-01-05 18:58:05',NULL),
('55',NULL,'1972-01-03','55','2011-04-29 02:28:21',NULL),
('56',NULL,'1981-02-21','56','1973-07-25 16:39:10',NULL),
('57',NULL,'1973-05-26','57','2020-08-01 05:41:25',NULL),
('58',NULL,'2017-11-22','58','2009-01-31 22:43:41',NULL),
('59',NULL,'1971-11-01','59','2006-02-28 15:02:12',NULL),
('60',NULL,'1989-07-06','60','1974-04-19 08:59:05',NULL),
('61',NULL,'2011-09-08','61','2005-10-15 10:52:37',NULL),
('62',NULL,'1990-07-30','62','2017-09-30 05:25:27',NULL),
('63',NULL,'1995-10-08','63','2007-12-17 15:58:19',NULL),
('64',NULL,'1981-12-09','64','1974-10-14 20:10:59',NULL),
('65',NULL,'1990-06-08','65','2003-11-07 23:17:31',NULL),
('66',NULL,'2003-03-10','66','1998-09-17 07:32:36',NULL),
('67',NULL,'1977-10-08','67','1992-11-19 03:47:22',NULL),
('68',NULL,'2001-10-28','68','1996-08-19 00:45:07',NULL),
('69',NULL,'1995-10-17','69','1975-09-10 13:28:59',NULL),
('70',NULL,'1992-09-23','70','1987-04-20 16:36:06',NULL),
('71',NULL,'1998-12-11','71','1973-10-08 15:07:23',NULL),
('72',NULL,'2006-03-20','72','1987-07-05 17:20:09',NULL),
('73',NULL,'2002-09-20','73','2020-06-27 03:02:29',NULL),
('74',NULL,'2006-09-13','74','2006-01-29 06:56:29',NULL),
('75',NULL,'1989-04-25','75','1974-03-18 10:57:12',NULL),
('76',NULL,'1992-02-13','76','2001-09-25 18:42:49',NULL),
('77',NULL,'1988-07-10','77','2012-02-13 19:50:15',NULL),
('78',NULL,'1980-11-17','78','1990-01-21 13:40:40',NULL),
('79',NULL,'2005-11-17','79','2000-11-24 21:23:45',NULL),
('80',NULL,'1991-12-11','80','2001-01-22 13:27:43',NULL),
('81',NULL,'2001-07-10','81','2014-06-13 18:46:08',NULL),
('82',NULL,'2019-06-07','82','1980-02-26 22:49:31',NULL),
('83',NULL,'1974-05-11','83','2016-08-16 14:04:03',NULL),
('84',NULL,'1978-03-29','84','2003-01-06 07:19:35',NULL),
('85',NULL,'1989-07-06','85','2012-08-10 00:07:54',NULL),
('86',NULL,'1984-02-27','86','1984-02-03 07:25:37',NULL),
('87',NULL,'1984-06-05','87','1983-10-14 17:32:06',NULL),
('88',NULL,'1975-08-27','88','2011-08-31 05:11:09',NULL),
('89',NULL,'2007-03-04','89','1989-02-05 13:34:26',NULL),
('90',NULL,'1988-06-02','90','1990-02-14 08:56:14',NULL),
('91',NULL,'1982-12-18','91','2008-08-24 14:06:31',NULL),
('92',NULL,'2018-06-17','92','1990-05-13 13:48:01',NULL),
('93',NULL,'2005-07-15','93','1981-08-26 12:39:30',NULL),
('94',NULL,'2017-08-26','94','2019-08-01 04:04:59',NULL),
('95',NULL,'1980-05-10','95','1972-12-25 22:59:40',NULL),
('96',NULL,'1980-06-16','96','2004-10-26 07:24:18',NULL),
('97',NULL,'2020-03-27','97','1993-04-29 23:08:28',NULL),
('98',NULL,'2010-06-20','98','2002-04-17 10:35:40',NULL),
('99',NULL,'2004-12-27','99','1987-08-15 04:38:44',NULL),
('100',NULL,'1973-04-07','100','1999-01-05 07:09:49',NULL); 


DROP TABLE IF EXISTS `users`;
CREATE TABLE `users` (
  `id` bigint(20) unsigned NOT NULL AUTO_INCREMENT,
  `firstname` varchar(50) COLLATE utf8_unicode_ci DEFAULT NULL,
  `lastname` varchar(50) COLLATE utf8_unicode_ci DEFAULT NULL COMMENT '',
  `email` varchar(120) COLLATE utf8_unicode_ci DEFAULT NULL,
  `password_hash` varchar(100) COLLATE utf8_unicode_ci DEFAULT NULL,
  `phone` bigint(20) unsigned DEFAULT NULL,
  PRIMARY KEY (`id`),
  UNIQUE KEY `email` (`email`),
  UNIQUE KEY `phone` (`phone`),
  KEY `users_firstname_lastname_idx` (`firstname`,`lastname`)
) ENGINE=InnoDB AUTO_INCREMENT=101 DEFAULT CHARSET=utf8 COLLATE=utf8_unicode_ci COMMENT='';

INSERT INTO `users` VALUES ('1','Javonte','Jakubowski','trey62@example.net','38515893c796660bb1307410f6aed138988b97d1','89676723604'),
('2','Aurelia','Ratke','rrolfson@example.org','84f259f5415b6f0cd20c6d4aff1a4868ac3ff0ae','89339101296'),
('3','Jacey','Fritsch','stone96@example.com','b9fd1bbdc3f7caccb0923003ea81acdab2b59610','89802518644'),
('4','Whitney','Jerde','jonathon.feil@example.com','06292d6942f52879745960fcf6b1f1074875e53a','89397268208'),
('5','Axel','Lynch','ckuhic@example.org','e3e4d5c8e9c84cd665be208849c4e066ae2f8849','89585747656'),
('6','Karlee','Kunde','syost@example.org','46b15aca372c290f92cc7bd49a842b2cede3e1f8','89125986482'),
('7','Ryann','Prosacco','malvina.toy@example.net','856f6b5f9c993da0c5048e83570de7dccf6c188a','89334895548'),
('8','Ona','Schumm','adelia91@example.com','6cba3682da29e775f84f14c16d6fc511248a5b7d','89838377175'),
('9','Kennith','Gaylord','alphonso71@example.com','62ed6ae488aa4374d644cd571e3ae7d95959ce3d','89777246849'),
('10','Alexandre','Rowe','esipes@example.net','06e3c0a3e879a95c24452691d4f323f62756e367','89230775666'),
('11','Laurie','Green','mnicolas@example.net','27581f7eb9026f5405a80656aa9fda6650b1217e','89532268940'),
('12','Rahsaan','Schowalter','gerhold.savanah@example.net','4db9fabc3c5aa912a50679ce56faa11363576595','89858737516'),
('13','David','Carter','anderson.shields@example.net','1e6e57306457b0762d6dd682675965e47cf2e389','89591339172'),
('14','Lea','Hilpert','mccullough.jed@example.net','283f4cd28dccd8c1c800a6e0809f70ec199f64e2','89893980394'),
('15','Christ','Reilly','kautzer.citlalli@example.com','ee346d5764c08594ed468720535f4e443cdf3f50','89893222707'),
('16','Madge','Conroy','joanie.predovic@example.org','3b1134c5476816eaae31793b562c26b0b2922744','89663964178'),
('17','Luisa','Weber','gerda.o\'keefe@example.net','9bfe5c91a849f638194e4e098a14f4a96dcee0dd','89781923197'),
('18','Rubye','Upton','ray48@example.com','5b3a18db69cda93cab0032a4e46e9584d5614cbc','89999819313'),
('19','Mikayla','Cole','jessica73@example.com','798671cbdd6b2303dbcbaaf1a9159b82a5f7ded3','89030626823'),
('20','Roberto','Zemlak','ukuvalis@example.net','bdb3af73709058338dce533807ef764604574541','89180780906'),
('21','Greg','Bergnaum','erich.huel@example.net','dbc0606e3efad92981fb5ca77ba15c4e99efd653','89860009653'),
('22','Tre','Dietrich','kreiger.leonardo@example.org','affecc268415c888c75e78defe486504cba12b47','89515031636'),
('23','Demond','O\'Kon','lbatz@example.org','daa5dbafafa8c8a124ff39581cd1f9dc4d70f548','89825129827'),
('24','Domingo','Hamill','ledner.margarita@example.com','ecee1c7aadc98e47d38c2327466a97ad3d8b4ce2','89042489124'),
('25','Neoma','Heller','earl.west@example.com','76ed0e24879e9d83bcc46c49666349c143f4f25d','89177468128'),
('26','Amira','Dickinson','hackett.lilyan@example.org','b9d1e49f80e46b948ebd5b18403ca75153ac4fed','89543527874'),
('27','Vernie','Grant','lester.cruickshank@example.org','3d4eef6e5959e7e70f18f47fb1e6ac66fe8bd253','89007883705'),
('28','Kamren','Hirthe','althea.weissnat@example.com','efeb33e5d8cdebfb3278f7d7bd8f764beede5d2e','89244967005'),
('29','Eda','Willms','uroberts@example.com','ac6eea182135f13f6abcf8d3c628936a7331274c','89293757837'),
('30','Nasir','Pagac','gerald83@example.com','4677f46308e83e474944abd4b2404c0116590d1f','89515742422'),
('31','Norval','Cole','casandra95@example.com','dcfe028d15fde69502b6a932b31a4cfc113feaaf','89036251911'),
('32','Madelyn','Braun','casper.dora@example.com','2e1a294c05bf6d1ae90500de74dcf207274ca00a','89399036620'),
('33','Athena','Mosciski','reynolds.jordy@example.org','3a842ce535ec4ce9676de2fd640279587b287ea5','89294944357'),
('34','Dereck','Huels','lucile30@example.net','db3761119258ccce3e504bdaf960f1f262bcebe5','89578698268'),
('35','Abigale','Olson','renee37@example.com','5689ae75cb2b0f7ad78450ecfdf646897cb67a34','89157331522'),
('36','Tomasa','Stamm','qzemlak@example.org','77ffb6b16bdc302ffa66a69d94fd7c450f989102','89017977872'),
('37','Kellie','Runolfsdottir','roxanne.sauer@example.net','242907d936f4c5143f77279eaaab758921e1cc5e','89926375160'),
('38','Olen','Wilkinson','pcrona@example.org','898afed2efa3a8275190001f3468fb4aafb00b5a','89158496677'),
('39','Kirsten','Lynch','cgoldner@example.org','c47d9079158c06f3aa06b0e9404666a0d13a88d2','89414676042'),
('40','Michelle','Ziemann','vernice23@example.com','fde12a3dc51f6acef01ba740d59bffec381fd770','89088088720'),
('41','Cordelia','Ullrich','white.nathanael@example.net','77608ddfcab03c0774030012ec94db48f16b26b0','89703823075'),
('42','Ashtyn','McLaughlin','camille20@example.net','2ead95beae75fec3aa8ef08f659a48c50e4e8dbd','89045213827'),
('43','Carleton','Lubowitz','wilkinson.christop@example.com','56e2d3eb3e808511f1ac1794ffe49bd28a540de2','89037076887'),
('44','Chadrick','Hessel','fankunding@example.net','4d27d98190c5ad39089ab9d035d1627450cfca31','89184990198'),
('45','Haylie','Barton','vwisoky@example.com','9416e36aca7d3e73a4842128254a92bc8acfee9f','89448234011'),
('46','Eliseo','Reynolds','meta39@example.org','86e445acce6e73b2b01109ea321c05b649b28f34','89497380132'),
('47','Kaley','Romaguera','laurie75@example.org','801fbd878742950cc4381fd78d0921f7b7672276','89121488565'),
('48','Murl','Blanda','wyman.harmony@example.net','a611dced3ba7626ee3e3239db25f94c96bc15834','89088113936'),
('49','Janiya','Bechtelar','kunde.vanessa@example.org','6c702925a024f0f0082835046bcc51152cc444e9','89534322138'),
('50','Amanda','Paucek','mack.barton@example.net','60bd6e709a1d201830f34ca2ea5f9e9368d314d1','89474496959'),
('51','Americo','Harber','art.farrell@example.org','4f12d24214f83b7dc5d5fe4e437ffed2829ae34a','89660227020'),
('52','Jakob','Rippin','darryl.schumm@example.net','33554d2a0afb2b59663440779df7a07f536f524f','89222637834'),
('53','Morgan','Skiles','dahlia.mckenzie@example.net','6c4460aa6b37b346a979c8bc711f1ae8f4ccc8ea','89588291103'),
('54','Ryan','Cartwright','nhand@example.net','70d35382a8a80d433bc886f93902f50c52f7a4b6','89470457376'),
('55','Roxanne','Fadel','oharvey@example.org','8b2dc2c8ad9953d5bdc4c88b53d1f286338dac6d','89434623115'),
('56','Kaley','Kuvalis','domenica.hermiston@example.com','bcdfa0d60748ec15df445f72e7f7248f35749a15','89670416070'),
('57','Odessa','Gaylord','glenna14@example.com','ba4191064524c023c4a3c81d5773e27493cd6484','89954789807'),
('58','Elmira','Corwin','caleb71@example.com','5544d41f250b1f43a168638bd5467c69151107d2','89844434067'),
('59','Marlen','Mitchell','fauer@example.com','7ce1da5d7a5ebcb4d19dcd6e85796b089b107850','89059033568'),
('60','Daniela','King','bella.tillman@example.org','5e94b4faf6383ed7abc0968ae8481cc2172c2cf2','89087303831'),
('61','Maya','Nader','laurel05@example.com','ff898771ae3c8655b33b7075131725d5a5178d28','89615086610'),
('62','Aiden','Volkman','ewell.dicki@example.com','f378fb50bda6ae21d1f9ad6d719d6f64440bd29f','89523698394'),
('63','Rowland','Barton','tparisian@example.org','78a93e8a0c5a31c7dab47b14026987850c0decff','89163302927'),
('64','Gonzalo','Windler','smurray@example.com','a0c2817be9214de5dcfea52f28853a6d153c8e77','89158416167'),
('65','Antonina','Keeling','bridgette63@example.com','9b4bbd003f71707fe3c4f09627c288822a907f67','89025506534'),
('66','Kennith','Hodkiewicz','yasmin09@example.org','86d2e4d90eea297be16ba784b35e04a1c9303c68','89578507662'),
('67','Kaden','Blick','bradly49@example.com','101b7db38f15f4fb1a71244e915bbc1228ecc942','89725233191'),
('68','Holden','Ernser','alysa02@example.com','fc577de6a3e45cee2de1cb00fd1e2729e88691de','89350595414'),
('69','Trevor','Dach','camilla43@example.net','a4dbd80111035a2d357a69c43925042bdd87ca46','89933731942'),
('70','Blake','Herzog','yasmine.langosh@example.com','ae574ac4e072c874db4d263411bf22f74f2ff3e4','89860814732'),
('71','Dana','Purdy','sibyl.jones@example.org','b9239a34f068fe5ad025157981f7f49eab73c9a0','89304496043'),
('72','Constance','Lowe','genoveva13@example.com','c5a4eba0d00b0739b9641aa0a8e5b7bcea601cdc','89557079817'),
('73','Gerry','Zboncak','imani.harris@example.net','bb8c4247bb82c81c3b7221afb930fd342946d287','89653479394'),
('74','Torrey','Bruen','xrenner@example.org','d32f82f4b95d3ea5c6d9d6b61f641811025ac6b2','89300261353'),
('75','Herman','Langworth','marina29@example.org','2d4e637ccad99f05886385ec512ef97d7159d49e','89328879661'),
('76','Neva','Rice','stella.klocko@example.net','ac68c230a0b7a591bbf1963aa2d71611d90122c4','89661529438'),
('77','Betty','Lindgren','ward.darien@example.org','8e729c6532530698b9498c17e2aaf1e237004512','89274583887'),
('78','Nico','Feest','devin.barton@example.net','db9be81c4491d66bc28b0e74ca1b3fcdeab6f160','89333150687'),
('79','Meggie','Leffler','gerhard.rosenbaum@example.net','404efc3acacfbfdd3801ec505244eaaf67224de1','89099491255'),
('80','Kiarra','Rolfson','kuhn.adolfo@example.org','07d669170647ce6e56834815db315d588a71f78c','89849580237'),
('81','Corine','Waelchi','jakubowski.elinor@example.net','6fca7bb974b33d4f3126726ab523d58923480b43','89464128455'),
('82','Carlo','Jones','qwalter@example.org','cf053b2ec0946773bf7ae6faffa383762cacbd83','89509940367'),
('83','Vernie','Dickinson','dmertz@example.net','7cff6b4cb59b3fa15ee4f88a46e896386e5c8690','89582316586'),
('84','Carmine','Marquardt','joannie.kiehn@example.org','d864a0afbf40bcc9f62e0dc2b867713a7ee41fc9','89578599995'),
('85','Jayden','Daugherty','schumm.francisca@example.net','8197bf598fbb64e5ae2d55408b7ff1fb80820222','89809662235'),
('86','Marian','Spinka','kub.enid@example.net','bec7b5518fd14093c37a9afc238df2f29a114f54','89701254341'),
('87','Liliana','Champlin','wolf.ulices@example.com','a32161b361f905badcc40ac883d6987133de31a8','89503908637'),
('88','Roma','Leannon','xpagac@example.net','89dbf37fb199092e40abd3c166f8adc969123000','89554527987'),
('89','Vinnie','McGlynn','schultz.eloy@example.org','16771155ba14c0888fe79cc2e1f3025fff8a5fd8','89499905270'),
('90','Adolphus','Padberg','albert.ferry@example.net','41fe30750095a62c421c94915b28cd50868fd189','89576801195'),
('91','America','Reynolds','dhayes@example.org','0e0f654eedfa4f320f1f82075de1ea404240949f','89918158617'),
('92','Caden','Hilll','maud.larson@example.net','69962bbee3d8b53922362a5c5bd77bc2fd48ccc3','89674474256'),
('93','Helena','Schmeler','swalter@example.org','82c436539a451ae5f5a9d82b093a68ee845a376d','89323330805'),
('94','Karine','Kirlin','hharvey@example.com','cc0805ff3af1491b84a61aa4cfcabd7ef5cfb87e','89683984050'),
('95','Jerel','Zboncak','zulauf.augustine@example.com','8a2573c23e9b8519d843f6e210edd1c0e493ada3','89068293846'),
('96','Grant','Morissette','jones.elliot@example.net','2d3bc518ff9c7fd631919d0f9a96b3ad4c1689cf','89904599874'),
('97','Erna','Gorczany','jaren62@example.net','d92533d9244d68c638b8ead8a9013ce32a861ee3','89586541634'),
('98','Mose','Mosciski','xschoen@example.org','5bf6d2b5e202fa2f1b675f0acac5993dfd283e5e','89995405044'),
('99','Jamel','Satterfield','jgoldner@example.org','c5bc0c9b4b6870daf4a906c515cccaf6a3efac55','89653294243'),
('100','Karl','Stamm','august.fadel@example.net','f508a5614a340d6e272ac94b5073953cc6aae1cb','89797107048'); 


DROP TABLE IF EXISTS `users_communities`;
CREATE TABLE `users_communities` (
  `user_id` bigint(20) unsigned NOT NULL,
  `community_id` bigint(20) unsigned NOT NULL,
  PRIMARY KEY (`user_id`,`community_id`),
  KEY `community_id` (`community_id`),
  CONSTRAINT `users_communities_ibfk_1` FOREIGN KEY (`user_id`) REFERENCES `users` (`id`),
  CONSTRAINT `users_communities_ibfk_2` FOREIGN KEY (`community_id`) REFERENCES `communities` (`id`)
) ENGINE=InnoDB DEFAULT CHARSET=utf8 COLLATE=utf8_unicode_ci;

INSERT INTO `users_communities` VALUES ('1','1'),
('2','2'),
('3','3'),
('4','4'),
('5','5'),
('6','6'),
('7','7'),
('8','8'),
('9','9'),
('10','10'),
('11','11'),
('12','12'),
('13','13'),
('14','14'),
('15','15'),
('16','16'),
('17','17'),
('18','18'),
('19','19'),
('20','20'),
('21','21'),
('22','22'),
('23','23'),
('24','24'),
('25','25'),
('26','26'),
('27','27'),
('28','28'),
('29','29'),
('30','30'),
('31','31'),
('32','32'),
('33','33'),
('34','34'),
('35','35'),
('36','36'),
('37','37'),
('38','38'),
('39','39'),
('40','40'),
('41','41'),
('42','42'),
('43','43'),
('44','44'),
('45','45'),
('46','46'),
('47','47'),
('48','48'),
('49','49'),
('50','50'),
('51','51'),
('52','52'),
('53','53'),
('54','54'),
('55','55'),
('56','56'),
('57','57'),
('58','58'),
('59','59'),
('60','60'),
('61','61'),
('62','62'),
('63','63'),
('64','64'),
('65','65'),
('66','66'),
('67','67'),
('68','68'),
('69','69'),
('70','70'),
('71','71'),
('72','72'),
('73','73'),
('74','74'),
('75','75'),
('76','76'),
('77','77'),
('78','78'),
('79','79'),
('80','80'),
('81','81'),
('82','82'),
('83','83'),
('84','84'),
('85','85'),
('86','86'),
('87','87'),
('88','88'),
('89','89'),
('90','90'),
('91','91'),
('92','92'),
('93','93'),
('94','94'),
('95','95'),
('96','96'),
('97','97'),
('98','98'),
('99','99'),
('100','100'); 




/*!40101 SET SQL_MODE=@OLD_SQL_MODE */;
/*!40014 SET FOREIGN_KEY_CHECKS=@OLD_FOREIGN_KEY_CHECKS */;
/*!40014 SET UNIQUE_CHECKS=@OLD_UNIQUE_CHECKS */;
/*!40101 SET CHARACTER_SET_CLIENT=@OLD_CHARACTER_SET_CLIENT */;
/*!40101 SET CHARACTER_SET_RESULTS=@OLD_CHARACTER_SET_RESULTS */;
/*!40101 SET COLLATION_CONNECTION=@OLD_COLLATION_CONNECTION */;
/*!40111 SET SQL_NOTES=@OLD_SQL_NOTES */;

